-- =============================================================================
-- Seed: 001_test_data
-- Propósito: Datos de prueba para verificar consultas sobre el diseño de SystemPOS
-- Total: ~95 registros distribuidos en las 14 tablas
--
-- Datos simulados de un restaurante mexicano (dos sucursales en CDMX)
--
-- Credenciales de prueba (hashes son PLACEHOLDERS — no usar en producción):
--   Admin    (Carlos Mendoza)  → PIN: 100000 | Password: Admin1234!
--   Manager  (Laura Pérez)     → PIN: 200000 | Password: Admin1234!
--   --- Centro Histórico (5 meseros) ---
--   Mesero 1 (Miguel Torres)   → PIN: 300000 | (sin email/password)
--   Mesero 2 (Sofía Ramírez)   → PIN: 310000 | (sin email/password)
--   Mesero 3 (Javier Hernández)→ PIN: 320000 | (sin email/password)
--   Mesero 4 (Daniela Castro)  → PIN: 330000 | (sin email/password)
--   Mesero 5 (Rodrigo Sánchez) → PIN: 340000 | (sin email/password)
--   --- Coyoacán (4 meseros) ---
--   Mesero 1 (Ana Flores)      → PIN: 400000 | (sin email/password)
--   Mesero 2 (Valentina López) → PIN: 410000 | (sin email/password)
--   Mesero 3 (Ernesto Morales) → PIN: 420000 | (sin email/password)
--   Mesero 4 (Paola Jiménez)   → PIN: 430000 | (sin email/password)
--
-- Convención de UUIDs:
--   1xxxxxxx → ROLE              5xxxxxxx → USER
--   2xxxxxxx → BRANCH            6xxxxxxx → PRODUCT
--   3xxxxxxx → TAX_RATE          7xxxxxxx → MODIFIER
--   4xxxxxxx → CATEGORY          8xxxxxxx → RESTAURANT_TABLE
--   9xxxxxxx → ORDER             axxxxxxx → ORDER_ITEM
--   bxxxxxxx → ORDER_ITEM_MODIFIER        cxxxxxxx → AUDIT_LOG
--   dxxxxxxx → RESERVATION
--   (reservation_table y order_table usan PK compuesta — sin UUID propio)
-- =============================================================================


-- ---------------------------------------------------------------------------
-- 1. ROLE  (3 registros)
-- ---------------------------------------------------------------------------
INSERT INTO role (id, name) VALUES
    ('10000000-0000-0000-0000-000000000001', 'ADMIN'),
    ('10000000-0000-0000-0000-000000000002', 'MANAGER'),
    ('10000000-0000-0000-0000-000000000003', 'WAITER');


-- ---------------------------------------------------------------------------
-- 2. BRANCH  (2 registros)
-- ---------------------------------------------------------------------------
INSERT INTO branch (id, name, address, phone, is_active) VALUES
    ('20000000-0000-0000-0000-000000000001',
     'Sucursal Centro Histórico',
     'Av. 5 de Mayo 14, Col. Centro, Cuauhtémoc, CDMX',
     '55-5512-3400',
     TRUE),
    ('20000000-0000-0000-0000-000000000002',
     'Sucursal Coyoacán',
     'Av. México 185, Col. Del Carmen, Coyoacán, CDMX',
     '55-5659-8821',
     TRUE);


-- ---------------------------------------------------------------------------
-- 3. TAX_RATE  (3 registros)
-- Nota: solo IVA 16% tiene is_default = TRUE (garantizado por índice parcial único)
-- ---------------------------------------------------------------------------
INSERT INTO tax_rate (id, name, rate, is_default, is_active) VALUES
    ('30000000-0000-0000-0000-000000000001', 'IVA 16%',         0.1600, TRUE,  TRUE),
    ('30000000-0000-0000-0000-000000000002', 'Exento',           0.0000, FALSE, TRUE),
    ('30000000-0000-0000-0000-000000000003', 'IVA Reducido 8%',  0.0800, FALSE, TRUE);


-- ---------------------------------------------------------------------------
-- 4. CATEGORY  (4 registros)
-- ---------------------------------------------------------------------------
INSERT INTO category (id, name, description, sort_order) VALUES
    ('40000000-0000-0000-0000-000000000001',
     'Bebidas',
     'Aguas frescas, refrescos y bebidas frías de temporada',
     1),
    ('40000000-0000-0000-0000-000000000002',
     'Antojitos',
     'Sopes, quesadillas, tlayudas y otros antojitos mexicanos',
     2),
    ('40000000-0000-0000-0000-000000000003',
     'Platos Fuertes',
     'Guisos y especialidades de la casa',
     3),
    ('40000000-0000-0000-0000-000000000004',
     'Postres',
     'Dulces tradicionales y postres mexicanos',
     4);


-- ---------------------------------------------------------------------------
-- 5. USER  (11 registros)
--    Centro Histórico: 1 Manager + 5 Meseros
--    Coyoacán:         4 Meseros  (Manager de Coyoacán pendiente de contratar)
-- CHAR(60): $2b$12$ (7 chars) + 53 chars = 60 exactos por hash
-- Todos los hashes son placeholders — no representan bcrypt real
-- ---------------------------------------------------------------------------
INSERT INTO "user" (id, branch_id, role_id, given_name, paternal_surname, maternal_surname,
                    email, password_hash, pin_hash, is_active, created_at)
VALUES
    -- Admin: sin sucursal fija, gestiona ambas. PIN 100000
    ('50000000-0000-0000-0000-000000000001',
     NULL,
     '10000000-0000-0000-0000-000000000001',
     'Carlos', 'Mendoza', 'Ríos',
     'carlos.mendoza@elsabordemex.mx',
     '$2b$12$SEED.TEST.ONLY.pwd.Admin123.AAAAAAAAAAAAAAAAAAAAAAAAA',
     '$2b$12$SEED.TEST.ONLY.pin.100000.AAAAAAAAAAAAAAAAAAAAAAAAAAA',
     TRUE,
     '2024-08-01 09:00:00+00'),

    -- Manager: Sucursal Centro Histórico. PIN 200000
    ('50000000-0000-0000-0000-000000000002',
     '20000000-0000-0000-0000-000000000001',
     '10000000-0000-0000-0000-000000000002',
     'Laura', 'Pérez', 'Gutiérrez',
     'laura.perez@elsabordemex.mx',
     '$2b$12$SEED.TEST.ONLY.pwd.Manager.AAAAAAAAAAAAAAAAAAAAAAAAAAA',
     '$2b$12$SEED.TEST.ONLY.pin.200000.AAAAAAAAAAAAAAAAAAAAAAAAAAA',
     TRUE,
     '2024-08-05 09:00:00+00'),

    -- ---- Centro Histórico — 5 Meseros ----------------------------------------

    -- Mesero 1: PIN 300000
    ('50000000-0000-0000-0000-000000000003',
     '20000000-0000-0000-0000-000000000001',
     '10000000-0000-0000-0000-000000000003',
     'Miguel', 'Torres', 'Salinas',
     NULL, NULL,
     '$2b$12$SEED.TEST.ONLY.pin.300000.AAAAAAAAAAAAAAAAAAAAAAAAAAA',
     TRUE,
     '2024-08-10 09:00:00+00'),

    -- Mesero 2: PIN 310000
    ('50000000-0000-0000-0000-000000000005',
     '20000000-0000-0000-0000-000000000001',
     '10000000-0000-0000-0000-000000000003',
     'Sofía', 'Ramírez', 'Morales',
     NULL, NULL,
     '$2b$12$SEED.TEST.ONLY.pin.310000.AAAAAAAAAAAAAAAAAAAAAAAAAAA',
     TRUE,
     '2024-08-10 09:00:00+00'),

    -- Mesero 3: PIN 320000
    ('50000000-0000-0000-0000-000000000006',
     '20000000-0000-0000-0000-000000000001',
     '10000000-0000-0000-0000-000000000003',
     'Javier', 'Hernández', 'Cruz',
     NULL, NULL,
     '$2b$12$SEED.TEST.ONLY.pin.320000.AAAAAAAAAAAAAAAAAAAAAAAAAAA',
     TRUE,
     '2024-09-03 09:00:00+00'),

    -- Mesero 4: PIN 330000
    ('50000000-0000-0000-0000-000000000007',
     '20000000-0000-0000-0000-000000000001',
     '10000000-0000-0000-0000-000000000003',
     'Daniela', 'Castro', 'Vega',
     NULL, NULL,
     '$2b$12$SEED.TEST.ONLY.pin.330000.AAAAAAAAAAAAAAAAAAAAAAAAAAA',
     TRUE,
     '2024-09-03 09:00:00+00'),

    -- Mesero 5: PIN 340000
    ('50000000-0000-0000-0000-000000000008',
     '20000000-0000-0000-0000-000000000001',
     '10000000-0000-0000-0000-000000000003',
     'Rodrigo', 'Sánchez', 'Lima',
     NULL, NULL,
     '$2b$12$SEED.TEST.ONLY.pin.340000.AAAAAAAAAAAAAAAAAAAAAAAAAAA',
     TRUE,
     '2024-10-15 09:00:00+00'),

    -- ---- Coyoacán — 4 Meseros ------------------------------------------------

    -- Mesero 1: PIN 400000
    ('50000000-0000-0000-0000-000000000004',
     '20000000-0000-0000-0000-000000000002',
     '10000000-0000-0000-0000-000000000003',
     'Ana', 'Flores', NULL,
     NULL, NULL,
     '$2b$12$SEED.TEST.ONLY.pin.400000.AAAAAAAAAAAAAAAAAAAAAAAAAAA',
     TRUE,
     '2024-08-12 09:00:00+00'),

    -- Mesero 2: PIN 410000
    ('50000000-0000-0000-0000-000000000009',
     '20000000-0000-0000-0000-000000000002',
     '10000000-0000-0000-0000-000000000003',
     'Valentina', 'López', 'Díaz',
     NULL, NULL,
     '$2b$12$SEED.TEST.ONLY.pin.410000.AAAAAAAAAAAAAAAAAAAAAAAAAAA',
     TRUE,
     '2024-08-12 09:00:00+00'),

    -- Mesero 3: PIN 420000
    ('50000000-0000-0000-0000-000000000010',
     '20000000-0000-0000-0000-000000000002',
     '10000000-0000-0000-0000-000000000003',
     'Ernesto', 'Morales', 'Fuentes',
     NULL, NULL,
     '$2b$12$SEED.TEST.ONLY.pin.420000.AAAAAAAAAAAAAAAAAAAAAAAAAAA',
     TRUE,
     '2024-09-20 09:00:00+00'),

    -- Mesero 4: PIN 430000
    ('50000000-0000-0000-0000-000000000011',
     '20000000-0000-0000-0000-000000000002',
     '10000000-0000-0000-0000-000000000003',
     'Paola', 'Jiménez', 'Reyes',
     NULL, NULL,
     '$2b$12$SEED.TEST.ONLY.pin.430000.AAAAAAAAAAAAAAAAAAAAAAAAAAA',
     TRUE,
     '2024-10-01 09:00:00+00');


-- ---------------------------------------------------------------------------
-- 6. PRODUCT  (8 registros)
--   p1, p3       → tasa explícita Exento (agua y agua fresca)
--   p2           → tasa explícita IVA 16%
--   p4 al p7     → tax_rate_id NULL → hereda tasa default (IVA 16%)
--   p8           → is_available FALSE (temporalmente agotado — para pruebas de filtro)
-- ---------------------------------------------------------------------------
INSERT INTO product (id, category_id, tax_rate_id, name, base_price, is_available, sort_order)
VALUES
    -- Bebidas
    ('60000000-0000-0000-0000-000000000001',
     '40000000-0000-0000-0000-000000000001',
     '30000000-0000-0000-0000-000000000002',   -- Exento
     'Agua de Horchata (1 L)', 35.0000, TRUE, 1),

    ('60000000-0000-0000-0000-000000000002',
     '40000000-0000-0000-0000-000000000001',
     '30000000-0000-0000-0000-000000000001',   -- IVA 16%
     'Refresco Coca-Cola 355 ml', 28.0000, TRUE, 2),

    ('60000000-0000-0000-0000-000000000003',
     '40000000-0000-0000-0000-000000000001',
     '30000000-0000-0000-0000-000000000002',   -- Exento
     'Agua Mineral Peñafiel 600 ml', 22.0000, TRUE, 3),

    -- Antojitos
    ('60000000-0000-0000-0000-000000000004',
     '40000000-0000-0000-0000-000000000002',
     NULL,                                      -- hereda IVA 16% (default)
     'Sope de Frijoles con Chorizo', 65.0000, TRUE, 1),

    ('60000000-0000-0000-0000-000000000005',
     '40000000-0000-0000-0000-000000000002',
     NULL,
     'Quesadilla de Huitlacoche', 75.0000, TRUE, 2),

    -- Platos Fuertes
    ('60000000-0000-0000-0000-000000000006',
     '40000000-0000-0000-0000-000000000003',
     NULL,
     'Tacos de Canasta (3 pzas)', 85.0000, TRUE, 1),

    ('60000000-0000-0000-0000-000000000007',
     '40000000-0000-0000-0000-000000000003',
     NULL,
     'Enchiladas Verdes con Pollo', 120.0000, TRUE, 2),

    -- Postres (agotado — para probar filtros de disponibilidad)
    ('60000000-0000-0000-0000-000000000008',
     '40000000-0000-0000-0000-000000000004',
     NULL,
     'Pastel de Tres Leches', 90.0000, FALSE, 1);


-- ---------------------------------------------------------------------------
-- 7. MODIFIER  (4 registros)
-- ---------------------------------------------------------------------------
INSERT INTO modifier (id, product_id, name, extra_price)
VALUES
    -- Para Tacos de Canasta
    ('70000000-0000-0000-0000-000000000001',
     '60000000-0000-0000-0000-000000000006',
     'Sin cebolla', 0.0000),

    ('70000000-0000-0000-0000-000000000002',
     '60000000-0000-0000-0000-000000000006',
     'Extra salsa verde', 8.0000),

    -- Para Quesadilla de Huitlacoche
    ('70000000-0000-0000-0000-000000000003',
     '60000000-0000-0000-0000-000000000005',
     'Agregar crema y queso', 12.0000),

    -- Para Refresco Coca-Cola
    ('70000000-0000-0000-0000-000000000004',
     '60000000-0000-0000-0000-000000000002',
     'Tamaño familiar 600 ml', 10.0000);


-- ---------------------------------------------------------------------------
-- 8. RESTAURANT_TABLE  (35 registros)
--    Centro Histórico: 20 mesas  (rt1–rt3 previas + rt6–rt22 nuevas)
--    Coyoacán:         15 mesas  (rt4–rt5 previas + rt23–rt35 nuevas)
--
-- rt2  → OCCUPIED  (orden o1 OPEN activa sobre ella)
-- rt5  → RESERVED  (reservación rv1 CONFIRMED)
-- Resto → FREE
-- ---------------------------------------------------------------------------
INSERT INTO restaurant_table (id, branch_id, identifier, capacity, status)
VALUES
    -- ---- Centro Histórico — 20 mesas -----------------------------------------
    ('80000000-0000-0000-0000-000000000001',
     '20000000-0000-0000-0000-000000000001', 'Mesa 1',  4, 'FREE'),

    ('80000000-0000-0000-0000-000000000002',
     '20000000-0000-0000-0000-000000000001', 'Mesa 2',  4, 'OCCUPIED'),  -- tiene orden abierta

    ('80000000-0000-0000-0000-000000000003',
     '20000000-0000-0000-0000-000000000001', 'Mesa 3',  6, 'FREE'),

    ('80000000-0000-0000-0000-000000000006',
     '20000000-0000-0000-0000-000000000001', 'Mesa 4',  4, 'FREE'),

    ('80000000-0000-0000-0000-000000000007',
     '20000000-0000-0000-0000-000000000001', 'Mesa 5',  4, 'FREE'),

    ('80000000-0000-0000-0000-000000000008',
     '20000000-0000-0000-0000-000000000001', 'Mesa 6',  6, 'FREE'),

    ('80000000-0000-0000-0000-000000000009',
     '20000000-0000-0000-0000-000000000001', 'Mesa 7',  6, 'FREE'),

    ('80000000-0000-0000-0000-000000000010',
     '20000000-0000-0000-0000-000000000001', 'Mesa 8',  4, 'FREE'),

    ('80000000-0000-0000-0000-000000000011',
     '20000000-0000-0000-0000-000000000001', 'Mesa 9',  4, 'FREE'),

    ('80000000-0000-0000-0000-000000000012',
     '20000000-0000-0000-0000-000000000001', 'Mesa 10', 2, 'FREE'),

    ('80000000-0000-0000-0000-000000000013',
     '20000000-0000-0000-0000-000000000001', 'Mesa 11', 2, 'FREE'),

    ('80000000-0000-0000-0000-000000000014',
     '20000000-0000-0000-0000-000000000001', 'Mesa 12', 8, 'FREE'),

    ('80000000-0000-0000-0000-000000000015',
     '20000000-0000-0000-0000-000000000001', 'Mesa 13', 4, 'FREE'),

    ('80000000-0000-0000-0000-000000000016',
     '20000000-0000-0000-0000-000000000001', 'Mesa 14', 4, 'FREE'),

    ('80000000-0000-0000-0000-000000000017',
     '20000000-0000-0000-0000-000000000001', 'Mesa 15', 6, 'FREE'),

    ('80000000-0000-0000-0000-000000000018',
     '20000000-0000-0000-0000-000000000001', 'Mesa 16', 4, 'FREE'),

    ('80000000-0000-0000-0000-000000000019',
     '20000000-0000-0000-0000-000000000001', 'Mesa 17', 4, 'FREE'),

    ('80000000-0000-0000-0000-000000000020',
     '20000000-0000-0000-0000-000000000001', 'Mesa 18', 2, 'FREE'),

    ('80000000-0000-0000-0000-000000000021',
     '20000000-0000-0000-0000-000000000001', 'Mesa 19', 8, 'FREE'),

    ('80000000-0000-0000-0000-000000000022',
     '20000000-0000-0000-0000-000000000001', 'Mesa 20', 6, 'FREE'),

    -- ---- Coyoacán — 15 mesas -------------------------------------------------
    ('80000000-0000-0000-0000-000000000004',
     '20000000-0000-0000-0000-000000000002', 'Mesa 1',  4, 'FREE'),

    ('80000000-0000-0000-0000-000000000005',
     '20000000-0000-0000-0000-000000000002', 'Mesa 2',  2, 'RESERVED'),  -- reservación rv1

    ('80000000-0000-0000-0000-000000000023',
     '20000000-0000-0000-0000-000000000002', 'Mesa 3',  4, 'FREE'),

    ('80000000-0000-0000-0000-000000000024',
     '20000000-0000-0000-0000-000000000002', 'Mesa 4',  4, 'FREE'),

    ('80000000-0000-0000-0000-000000000025',
     '20000000-0000-0000-0000-000000000002', 'Mesa 5',  6, 'FREE'),

    ('80000000-0000-0000-0000-000000000026',
     '20000000-0000-0000-0000-000000000002', 'Mesa 6',  4, 'FREE'),

    ('80000000-0000-0000-0000-000000000027',
     '20000000-0000-0000-0000-000000000002', 'Mesa 7',  2, 'FREE'),

    ('80000000-0000-0000-0000-000000000028',
     '20000000-0000-0000-0000-000000000002', 'Mesa 8',  4, 'FREE'),

    ('80000000-0000-0000-0000-000000000029',
     '20000000-0000-0000-0000-000000000002', 'Mesa 9',  4, 'FREE'),

    ('80000000-0000-0000-0000-000000000030',
     '20000000-0000-0000-0000-000000000002', 'Mesa 10', 6, 'FREE'),

    ('80000000-0000-0000-0000-000000000031',
     '20000000-0000-0000-0000-000000000002', 'Mesa 11', 4, 'FREE'),

    ('80000000-0000-0000-0000-000000000032',
     '20000000-0000-0000-0000-000000000002', 'Mesa 12', 2, 'FREE'),

    ('80000000-0000-0000-0000-000000000033',
     '20000000-0000-0000-0000-000000000002', 'Mesa 13', 8, 'FREE'),

    ('80000000-0000-0000-0000-000000000034',
     '20000000-0000-0000-0000-000000000002', 'Mesa 14', 4, 'FREE'),

    ('80000000-0000-0000-0000-000000000035',
     '20000000-0000-0000-0000-000000000002', 'Mesa 15', 6, 'FREE');


-- ---------------------------------------------------------------------------
-- 9. ORDER  (3 registros)
--
--   o1  OPEN      → Mesero Miguel (u3), Mesa 2 Centro Histórico
--   o2  PAID      → Mesero Miguel (u3), Mesa 1 Centro Histórico, pagó con tarjeta
--   o3  CANCELLED → Mesera Ana (u4), Mesa 1 Coyoacán, cliente se retiró
--
-- Fórmulas aplicadas:
--   subtotal = Σ (unit_price × quantity) + Σ applied_extra_price por ítem
--   taxes    = Σ (unit_price × quantity × applied_tax_rate)   ← sin contar modificadores
--   total    = subtotal + taxes + tip − discount
-- ---------------------------------------------------------------------------
INSERT INTO "order" (id, user_id, subtotal, taxes, tip, discount, total_amount,
                     status, payment_method, created_at, updated_at)
VALUES
    -- o1: OPEN
    --   oi1: Tacos de Canasta ×2 → 2×85 = 170, mod: SinCebolla $0 + ExtraSalsa $8 = 8
    --   oi2: Refresco ×3         → 3×28 = 84
    --   subtotal = (170 + 8) + 84 = 262.00
    --   taxes    = (170×0.16) + (84×0.16) = 27.20 + 13.44 = 40.64
    --   total    = 262.00 + 40.64 = 302.64
    ('90000000-0000-0000-0000-000000000001',
     '50000000-0000-0000-0000-000000000003',
     262.0000, 40.6400, 0.0000, 0.0000, 302.6400,
     'OPEN', NULL,
     '2026-03-19 13:00:00+00', '2026-03-19 13:08:00+00'),

    -- o2: PAID
    --   oi3: Quesadilla de Huitlacoche ×1 → 75, mod: Crema y queso $12 = 12
    --   oi4: Sope de Frijoles ×2          → 2×65 = 130
    --   oi5: Agua Mineral ×3              → 3×22 = 66  (tasa 0%, exenta)
    --   subtotal = (75+12) + 130 + 66 = 283.00
    --   taxes    = (75×0.16) + (130×0.16) + (66×0.00) = 12.00 + 20.80 + 0 = 32.80
    --   tip      = 35.00 (propina voluntaria)
    --   total    = 283.00 + 32.80 + 35.00 = 350.80
    ('90000000-0000-0000-0000-000000000002',
     '50000000-0000-0000-0000-000000000003',
     283.0000, 32.8000, 35.0000, 0.0000, 350.8000,
     'PAID', 'CARD',
     '2026-03-19 11:00:00+00', '2026-03-19 11:52:00+00'),

    -- o3: CANCELLED
    --   oi6: Enchiladas Verdes ×2 → 2×120 = 240
    --   subtotal = 240.00
    --   taxes    = 240×0.16 = 38.40
    --   total    = 240.00 + 38.40 = 278.40
    ('90000000-0000-0000-0000-000000000003',
     '50000000-0000-0000-0000-000000000004',
     240.0000, 38.4000, 0.0000, 0.0000, 278.4000,
     'CANCELLED', NULL,
     '2026-03-18 20:00:00+00', '2026-03-18 20:12:00+00');


-- ---------------------------------------------------------------------------
-- 10. ORDER_TABLE  (3 registros — PK compuesta sin UUID propio)
-- ---------------------------------------------------------------------------
INSERT INTO order_table (order_id, table_id, joined_at)
VALUES
    ('90000000-0000-0000-0000-000000000001',
     '80000000-0000-0000-0000-000000000002',
     '2026-03-19 13:00:00+00'),   -- o1 → Mesa 2, Centro Histórico

    ('90000000-0000-0000-0000-000000000002',
     '80000000-0000-0000-0000-000000000001',
     '2026-03-19 11:00:00+00'),   -- o2 → Mesa 1, Centro Histórico

    ('90000000-0000-0000-0000-000000000003',
     '80000000-0000-0000-0000-000000000004',
     '2026-03-18 20:00:00+00');   -- o3 → Mesa 1, Coyoacán


-- ---------------------------------------------------------------------------
-- 11. ORDER_ITEM  (6 registros)
-- unit_price y applied_tax_rate son snapshot al momento de la orden
-- ---------------------------------------------------------------------------
INSERT INTO order_item (id, order_id, product_id, quantity, unit_price,
                        applied_tax_rate, status, notes)
VALUES
    -- o1 (OPEN): Tacos de Canasta ×2 — PENDING
    ('a0000000-0000-0000-0000-000000000001',
     '90000000-0000-0000-0000-000000000001',
     '60000000-0000-0000-0000-000000000006',
     2, 85.0000, 0.1600, 'PENDING', 'Un taco de frijol, uno de papa'),

    -- o1 (OPEN): Refresco Coca-Cola ×3 — PENDING
    ('a0000000-0000-0000-0000-000000000002',
     '90000000-0000-0000-0000-000000000001',
     '60000000-0000-0000-0000-000000000002',
     3, 28.0000, 0.1600, 'PENDING', NULL),

    -- o2 (PAID): Quesadilla de Huitlacoche ×1 — DELIVERED
    ('a0000000-0000-0000-0000-000000000003',
     '90000000-0000-0000-0000-000000000002',
     '60000000-0000-0000-0000-000000000005',
     1, 75.0000, 0.1600, 'DELIVERED', NULL),

    -- o2 (PAID): Sope de Frijoles con Chorizo ×2 — DELIVERED
    ('a0000000-0000-0000-0000-000000000004',
     '90000000-0000-0000-0000-000000000002',
     '60000000-0000-0000-0000-000000000004',
     2, 65.0000, 0.1600, 'DELIVERED', NULL),

    -- o2 (PAID): Agua Mineral ×3 — DELIVERED (tasa Exento 0%)
    ('a0000000-0000-0000-0000-000000000005',
     '90000000-0000-0000-0000-000000000002',
     '60000000-0000-0000-0000-000000000003',
     3, 22.0000, 0.0000, 'DELIVERED', NULL),

    -- o3 (CANCELLED): Enchiladas Verdes ×2 — CANCELLED
    ('a0000000-0000-0000-0000-000000000006',
     '90000000-0000-0000-0000-000000000003',
     '60000000-0000-0000-0000-000000000007',
     2, 120.0000, 0.1600, 'CANCELLED', 'Sin crema');


-- ---------------------------------------------------------------------------
-- 12. ORDER_ITEM_MODIFIER  (3 registros)
-- applied_extra_price es snapshot — independiente del precio actual del modificador
-- ---------------------------------------------------------------------------
INSERT INTO order_item_modifier (id, order_item_id, modifier_id, applied_extra_price)
VALUES
    -- oi1 (Tacos ×2): Sin cebolla — sin costo extra
    ('b0000000-0000-0000-0000-000000000001',
     'a0000000-0000-0000-0000-000000000001',
     '70000000-0000-0000-0000-000000000001',
     0.0000),

    -- oi1 (Tacos ×2): Extra salsa verde — $8
    ('b0000000-0000-0000-0000-000000000002',
     'a0000000-0000-0000-0000-000000000001',
     '70000000-0000-0000-0000-000000000002',
     8.0000),

    -- oi3 (Quesadilla ×1): Agregar crema y queso — $12
    ('b0000000-0000-0000-0000-000000000003',
     'a0000000-0000-0000-0000-000000000003',
     '70000000-0000-0000-0000-000000000003',
     12.0000);


-- ---------------------------------------------------------------------------
-- 13. AUDIT_LOG  (5 registros)
-- details es JSONB — soporta queries como: details->>'order_id'
-- ---------------------------------------------------------------------------
INSERT INTO audit_log (id, user_id, action, details, timestamp)
VALUES
    -- Admin inicia sesión por el dashboard web
    ('c0000000-0000-0000-0000-000000000001',
     '50000000-0000-0000-0000-000000000001',
     'USER_LOGIN',
     '{"method": "password"}',
     '2026-03-19 08:50:00+00'),

    -- Mesero Miguel crea la orden abierta (o1)
    ('c0000000-0000-0000-0000-000000000002',
     '50000000-0000-0000-0000-000000000003',
     'ORDER_CREATED',
     '{"order_id": "90000000-0000-0000-0000-000000000001", "table_ids": ["80000000-0000-0000-0000-000000000002"]}',
     '2026-03-19 13:00:00+00'),

    -- Mesero Miguel agrega la Quesadilla a la orden pagada (o2)
    ('c0000000-0000-0000-0000-000000000003',
     '50000000-0000-0000-0000-000000000003',
     'ORDER_ITEM_ADDED',
     '{"order_id": "90000000-0000-0000-0000-000000000002", "product_id": "60000000-0000-0000-0000-000000000005", "quantity": 1, "unit_price": 75.00}',
     '2026-03-19 11:02:00+00'),

    -- Mesero Miguel cobra la orden pagada (o2)
    ('c0000000-0000-0000-0000-000000000004',
     '50000000-0000-0000-0000-000000000003',
     'ORDER_PAID',
     '{"order_id": "90000000-0000-0000-0000-000000000002", "total_amount": 350.80, "payment_method": "CARD"}',
     '2026-03-19 11:52:00+00'),

    -- Mesera Ana cancela su orden (o3)
    ('c0000000-0000-0000-0000-000000000005',
     '50000000-0000-0000-0000-000000000004',
     'ORDER_CANCELLED',
     '{"order_id": "90000000-0000-0000-0000-000000000003", "reason": "Cliente se retiró sin ordenar"}',
     '2026-03-18 20:12:00+00');


-- ---------------------------------------------------------------------------
-- 14. SYSTEM_CONFIG  (7 registros)
-- ---------------------------------------------------------------------------
INSERT INTO system_config (key, value, description)
VALUES
    ('suggested_tip_1',  '10',                               'Propina sugerida opción 1 (%)'),
    ('suggested_tip_2',  '15',                               'Propina sugerida opción 2 (%)'),
    ('suggested_tip_3',  '20',                               'Propina sugerida opción 3 (%)'),
    ('business_name',    'El Sabor de México',               'Nombre del negocio para tickets y facturas'),
    ('business_rfc',     'SAB240801MXA',                     'RFC para facturación'),
    ('business_address', 'Av. 5 de Mayo 14, Col. Centro, Cuauhtémoc, CDMX 06000', 'Dirección fiscal'),
    ('reservation_upcoming_threshold_minutes', '30',
     'Minutos antes de scheduled_at en que la mesa se marca automáticamente como RESERVED');


-- ---------------------------------------------------------------------------
-- 15. RESERVATION  (1 registro)
-- rv1: Reservación CONFIRMED para Mesa 2 Coyoacán (rt5), que ya aparece con
--      status = RESERVED en el seed de RESTAURANT_TABLE.
--      created_by_user_id: Laura Pérez (Manager u2) tomó la reservación por teléfono.
--      La fecha 2026-03-21 14:00 explica que la mesa ya esté en estado RESERVED.
-- ---------------------------------------------------------------------------
INSERT INTO reservation (id, branch_id, created_by_user_id, order_id,
                         guest_name, guest_phone, party_size,
                         scheduled_at, duration_minutes, status, notes,
                         created_at, updated_at)
VALUES
    ('d0000000-0000-0000-0000-000000000001',
     '20000000-0000-0000-0000-000000000002',   -- Sucursal Coyoacán
     '50000000-0000-0000-0000-000000000002',   -- Laura Pérez (Manager)
     NULL,                                      -- Sin orden aún (comensal no ha llegado)
     'Roberto Jiménez',
     '55-7788-9900',
     2,
     '2026-03-21 14:00:00+00',
     90,
     'CONFIRMED',
     'Aniversario de bodas — solicitar decoración especial',
     '2026-03-20 18:30:00+00',
     '2026-03-20 18:30:00+00');


-- ---------------------------------------------------------------------------
-- 16. RESERVATION_TABLE  (1 registro — PK compuesta sin UUID propio)
-- rv1 → Mesa 2 Coyoacán (rt5)
-- ---------------------------------------------------------------------------
INSERT INTO reservation_table (reservation_id, table_id)
VALUES
    ('d0000000-0000-0000-0000-000000000001',
     '80000000-0000-0000-0000-000000000005');  -- Mesa 2, Coyoacán (rt5, status=RESERVED)


-- =============================================================================
-- HISTÓRICO 2026-03-01  (100 órdenes, ~626 ítems, ~73 modificadores)
-- Distribución: 50 Centro Histórico · 50 Coyoacán
--               ≈ 60 % comida (12-15 h) · 40 % cena (19-22 h)
--               ≈ 90 PAID · 10 CANCELLED
--               Cada orden: 2-10 ítems; 30 % de prob. de modificador por ítem
-- Nota: los UUIDs continúan la secuencia de los registros previos del seed.
-- =============================================================================
INSERT INTO "order" (id, user_id, subtotal, taxes, tip, discount, total_amount,
                     status, payment_method, created_at, updated_at)
VALUES
    ('90000000-0000-0000-0000-000000000004',
     '50000000-0000-0000-0000-000000000003',
     1399.0000, 179.8400, 0.0000, 0.0000, 1578.8400,
     'PAID', 'TRANSFER',
     '2026-03-01 14:15:00+00', '2026-03-01 15:28:00+00'),
    ('90000000-0000-0000-0000-000000000005',
     '50000000-0000-0000-0000-000000000003',
     405.0000, 64.8000, 0.0000, 0.0000, 469.8000,
     'PAID', 'CARD',
     '2026-03-01 12:22:00+00', '2026-03-01 13:43:00+00'),
    ('90000000-0000-0000-0000-000000000006',
     '50000000-0000-0000-0000-000000000008',
     940.0000, 139.2000, 0.0000, 0.0000, 1079.2000,
     'PAID', 'CASH',
     '2026-03-01 14:36:00+00', '2026-03-01 15:48:00+00'),
    ('90000000-0000-0000-0000-000000000007',
     '50000000-0000-0000-0000-000000000005',
     250.0000, 32.9600, 40.0000, 0.0000, 322.9600,
     'PAID', 'TRANSFER',
     '2026-03-01 21:13:00+00', '2026-03-01 22:24:00+00'),
    ('90000000-0000-0000-0000-000000000008',
     '50000000-0000-0000-0000-000000000006',
     1213.0000, 190.5600, 0.0000, 0.0000, 1403.5600,
     'CANCELLED', NULL,
     '2026-03-01 20:52:00+00', '2026-03-01 21:00:00+00'),
    ('90000000-0000-0000-0000-000000000009',
     '50000000-0000-0000-0000-000000000008',
     296.0000, 47.3600, 30.0000, 0.0000, 373.3600,
     'PAID', 'CASH',
     '2026-03-01 14:14:00+00', '2026-03-01 15:15:00+00'),
    ('90000000-0000-0000-0000-000000000010',
     '50000000-0000-0000-0000-000000000007',
     1241.0000, 162.5600, 30.0000, 0.0000, 1433.5600,
     'PAID', 'CARD',
     '2026-03-01 12:24:00+00', '2026-03-01 13:10:00+00'),
    ('90000000-0000-0000-0000-000000000011',
     '50000000-0000-0000-0000-000000000008',
     1094.0000, 151.0400, 0.0000, 0.0000, 1245.0400,
     'PAID', 'CASH',
     '2026-03-01 12:38:00+00', '2026-03-01 14:07:00+00'),
    ('90000000-0000-0000-0000-000000000012',
     '50000000-0000-0000-0000-000000000008',
     738.0000, 101.2800, 0.0000, 0.0000, 839.2800,
     'PAID', 'TRANSFER',
     '2026-03-01 20:34:00+00', '2026-03-01 21:49:00+00'),
    ('90000000-0000-0000-0000-000000000013',
     '50000000-0000-0000-0000-000000000003',
     1554.0000, 231.6800, 30.0000, 0.0000, 1815.6800,
     'PAID', 'CASH',
     '2026-03-01 19:02:00+00', '2026-03-01 19:47:00+00'),
    ('90000000-0000-0000-0000-000000000014',
     '50000000-0000-0000-0000-000000000003',
     583.0000, 71.6800, 0.0000, 0.0000, 654.6800,
     'PAID', 'CASH',
     '2026-03-01 12:25:00+00', '2026-03-01 13:07:00+00'),
    ('90000000-0000-0000-0000-000000000015',
     '50000000-0000-0000-0000-000000000003',
     210.0000, 17.9200, 50.0000, 0.0000, 277.9200,
     'PAID', 'CASH',
     '2026-03-01 13:26:00+00', '2026-03-01 14:21:00+00'),
    ('90000000-0000-0000-0000-000000000016',
     '50000000-0000-0000-0000-000000000006',
     1345.0000, 176.0000, 0.0000, 0.0000, 1521.0000,
     'PAID', 'CASH',
     '2026-03-01 15:09:00+00', '2026-03-01 16:16:00+00'),
    ('90000000-0000-0000-0000-000000000017',
     '50000000-0000-0000-0000-000000000007',
     969.0000, 128.8000, 0.0000, 0.0000, 1097.8000,
     'PAID', 'TRANSFER',
     '2026-03-01 21:16:00+00', '2026-03-01 22:01:00+00'),
    ('90000000-0000-0000-0000-000000000018',
     '50000000-0000-0000-0000-000000000003',
     1608.0000, 200.6400, 40.0000, 0.0000, 1848.6400,
     'PAID', 'CARD',
     '2026-03-01 21:18:00+00', '2026-03-01 22:07:00+00'),
    ('90000000-0000-0000-0000-000000000019',
     '50000000-0000-0000-0000-000000000006',
     680.0000, 108.8000, 0.0000, 0.0000, 788.8000,
     'PAID', 'CARD',
     '2026-03-01 15:35:00+00', '2026-03-01 16:12:00+00'),
    ('90000000-0000-0000-0000-000000000020',
     '50000000-0000-0000-0000-000000000003',
     851.0000, 136.1600, 0.0000, 0.0000, 987.1600,
     'PAID', 'CASH',
     '2026-03-01 14:50:00+00', '2026-03-01 15:33:00+00'),
    ('90000000-0000-0000-0000-000000000021',
     '50000000-0000-0000-0000-000000000007',
     765.0000, 115.3600, 50.0000, 0.0000, 930.3600,
     'PAID', 'CARD',
     '2026-03-01 13:47:00+00', '2026-03-01 14:59:00+00'),
    ('90000000-0000-0000-0000-000000000022',
     '50000000-0000-0000-0000-000000000007',
     920.0000, 129.6000, 0.0000, 0.0000, 1049.6000,
     'PAID', 'CASH',
     '2026-03-01 21:52:00+00', '2026-03-01 22:23:00+00'),
    ('90000000-0000-0000-0000-000000000023',
     '50000000-0000-0000-0000-000000000003',
     1041.0000, 121.6000, 0.0000, 0.0000, 1162.6000,
     'PAID', 'CASH',
     '2026-03-01 20:37:00+00', '2026-03-01 21:13:00+00'),
    ('90000000-0000-0000-0000-000000000024',
     '50000000-0000-0000-0000-000000000003',
     1604.0000, 246.0800, 40.0000, 0.0000, 1890.0800,
     'PAID', 'CARD',
     '2026-03-01 14:42:00+00', '2026-03-01 15:30:00+00'),
    ('90000000-0000-0000-0000-000000000025',
     '50000000-0000-0000-0000-000000000003',
     783.0000, 123.6800, 40.0000, 0.0000, 946.6800,
     'PAID', 'CASH',
     '2026-03-01 14:05:00+00', '2026-03-01 14:54:00+00'),
    ('90000000-0000-0000-0000-000000000026',
     '50000000-0000-0000-0000-000000000007',
     1107.0000, 175.5200, 50.0000, 0.0000, 1332.5200,
     'PAID', 'CASH',
     '2026-03-01 13:41:00+00', '2026-03-01 14:38:00+00'),
    ('90000000-0000-0000-0000-000000000027',
     '50000000-0000-0000-0000-000000000007',
     1974.0000, 308.1600, 0.0000, 0.0000, 2282.1600,
     'PAID', 'CARD',
     '2026-03-01 22:53:00+00', '2026-03-01 24:10:00+00'),
    ('90000000-0000-0000-0000-000000000028',
     '50000000-0000-0000-0000-000000000006',
     1971.0000, 304.8000, 0.0000, 0.0000, 2275.8000,
     'CANCELLED', NULL,
     '2026-03-01 22:26:00+00', '2026-03-01 22:35:00+00'),
    ('90000000-0000-0000-0000-000000000029',
     '50000000-0000-0000-0000-000000000006',
     1282.0000, 187.5200, 40.0000, 0.0000, 1509.5200,
     'PAID', 'TRANSFER',
     '2026-03-01 15:01:00+00', '2026-03-01 16:22:00+00'),
    ('90000000-0000-0000-0000-000000000030',
     '50000000-0000-0000-0000-000000000006',
     296.0000, 47.3600, 0.0000, 0.0000, 343.3600,
     'PAID', 'CASH',
     '2026-03-01 15:01:00+00', '2026-03-01 15:45:00+00'),
    ('90000000-0000-0000-0000-000000000031',
     '50000000-0000-0000-0000-000000000008',
     765.0000, 106.7200, 30.0000, 0.0000, 901.7200,
     'PAID', 'CASH',
     '2026-03-01 13:08:00+00', '2026-03-01 14:38:00+00'),
    ('90000000-0000-0000-0000-000000000032',
     '50000000-0000-0000-0000-000000000007',
     1211.0000, 156.0000, 0.0000, 0.0000, 1367.0000,
     'PAID', 'TRANSFER',
     '2026-03-01 19:37:00+00', '2026-03-01 20:13:00+00'),
    ('90000000-0000-0000-0000-000000000033',
     '50000000-0000-0000-0000-000000000003',
     1448.0000, 210.5600, 40.0000, 0.0000, 1698.5600,
     'PAID', 'CARD',
     '2026-03-01 21:40:00+00', '2026-03-01 22:19:00+00'),
    ('90000000-0000-0000-0000-000000000034',
     '50000000-0000-0000-0000-000000000007',
     963.0000, 152.4800, 0.0000, 0.0000, 1115.4800,
     'PAID', 'CASH',
     '2026-03-01 13:31:00+00', '2026-03-01 14:18:00+00'),
    ('90000000-0000-0000-0000-000000000035',
     '50000000-0000-0000-0000-000000000003',
     680.0000, 62.4000, 40.0000, 0.0000, 782.4000,
     'PAID', 'CASH',
     '2026-03-01 13:25:00+00', '2026-03-01 14:32:00+00'),
    ('90000000-0000-0000-0000-000000000036',
     '50000000-0000-0000-0000-000000000008',
     1512.0000, 222.7200, 40.0000, 0.0000, 1774.7200,
     'PAID', 'CASH',
     '2026-03-01 13:13:00+00', '2026-03-01 14:20:00+00'),
    ('90000000-0000-0000-0000-000000000037',
     '50000000-0000-0000-0000-000000000005',
     297.0000, 12.0000, 20.0000, 0.0000, 329.0000,
     'PAID', 'CASH',
     '2026-03-01 21:55:00+00', '2026-03-01 22:56:00+00'),
    ('90000000-0000-0000-0000-000000000038',
     '50000000-0000-0000-0000-000000000008',
     1003.0000, 143.2000, 20.0000, 0.0000, 1166.2000,
     'PAID', 'CARD',
     '2026-03-01 20:49:00+00', '2026-03-01 21:38:00+00'),
    ('90000000-0000-0000-0000-000000000039',
     '50000000-0000-0000-0000-000000000006',
     979.0000, 151.0400, 40.0000, 0.0000, 1170.0400,
     'PAID', 'CASH',
     '2026-03-01 13:27:00+00', '2026-03-01 14:06:00+00'),
    ('90000000-0000-0000-0000-000000000040',
     '50000000-0000-0000-0000-000000000007',
     1478.0000, 230.8800, 0.0000, 0.0000, 1708.8800,
     'CANCELLED', NULL,
     '2026-03-01 15:28:00+00', '2026-03-01 15:31:00+00'),
    ('90000000-0000-0000-0000-000000000041',
     '50000000-0000-0000-0000-000000000006',
     860.0000, 97.6000, 20.0000, 0.0000, 977.6000,
     'PAID', 'CASH',
     '2026-03-01 15:40:00+00', '2026-03-01 16:32:00+00'),
    ('90000000-0000-0000-0000-000000000042',
     '50000000-0000-0000-0000-000000000007',
     777.0000, 110.2400, 20.0000, 0.0000, 907.2400,
     'PAID', 'CARD',
     '2026-03-01 19:42:00+00', '2026-03-01 20:15:00+00'),
    ('90000000-0000-0000-0000-000000000043',
     '50000000-0000-0000-0000-000000000007',
     755.0000, 109.6000, 40.0000, 0.0000, 904.6000,
     'PAID', 'CASH',
     '2026-03-01 19:40:00+00', '2026-03-01 20:20:00+00'),
    ('90000000-0000-0000-0000-000000000044',
     '50000000-0000-0000-0000-000000000006',
     490.0000, 43.2000, 0.0000, 0.0000, 533.2000,
     'PAID', 'CARD',
     '2026-03-01 15:30:00+00', '2026-03-01 16:24:00+00'),
    ('90000000-0000-0000-0000-000000000045',
     '50000000-0000-0000-0000-000000000008',
     1216.0000, 174.7200, 20.0000, 0.0000, 1410.7200,
     'PAID', 'CARD',
     '2026-03-01 15:55:00+00', '2026-03-01 16:47:00+00'),
    ('90000000-0000-0000-0000-000000000046',
     '50000000-0000-0000-0000-000000000008',
     1561.0000, 188.0000, 0.0000, 0.0000, 1749.0000,
     'PAID', 'CARD',
     '2026-03-01 14:55:00+00', '2026-03-01 15:58:00+00'),
    ('90000000-0000-0000-0000-000000000047',
     '50000000-0000-0000-0000-000000000008',
     315.0000, 50.4000, 0.0000, 0.0000, 365.4000,
     'PAID', 'CASH',
     '2026-03-01 20:40:00+00', '2026-03-01 21:57:00+00'),
    ('90000000-0000-0000-0000-000000000048',
     '50000000-0000-0000-0000-000000000006',
     1276.0000, 184.6400, 0.0000, 0.0000, 1460.6400,
     'PAID', 'CASH',
     '2026-03-01 19:20:00+00', '2026-03-01 20:13:00+00'),
    ('90000000-0000-0000-0000-000000000049',
     '50000000-0000-0000-0000-000000000006',
     1551.0000, 226.4000, 30.0000, 0.0000, 1807.4000,
     'PAID', 'CASH',
     '2026-03-01 13:04:00+00', '2026-03-01 13:53:00+00'),
    ('90000000-0000-0000-0000-000000000050',
     '50000000-0000-0000-0000-000000000006',
     782.0000, 123.2000, 50.0000, 0.0000, 955.2000,
     'PAID', 'CASH',
     '2026-03-01 12:38:00+00', '2026-03-01 13:59:00+00'),
    ('90000000-0000-0000-0000-000000000051',
     '50000000-0000-0000-0000-000000000008',
     450.0000, 47.3600, 40.0000, 0.0000, 537.3600,
     'PAID', 'CASH',
     '2026-03-01 13:05:00+00', '2026-03-01 14:01:00+00'),
    ('90000000-0000-0000-0000-000000000052',
     '50000000-0000-0000-0000-000000000006',
     1430.0000, 178.4000, 50.0000, 0.0000, 1658.4000,
     'PAID', 'CASH',
     '2026-03-01 19:29:00+00', '2026-03-01 20:13:00+00'),
    ('90000000-0000-0000-0000-000000000053',
     '50000000-0000-0000-0000-000000000008',
     862.0000, 87.3600, 40.0000, 0.0000, 989.3600,
     'PAID', 'CASH',
     '2026-03-01 21:39:00+00', '2026-03-01 23:01:00+00'),
    ('90000000-0000-0000-0000-000000000054',
     '50000000-0000-0000-0000-000000000011',
     1210.0000, 174.8800, 20.0000, 0.0000, 1404.8800,
     'PAID', 'CARD',
     '2026-03-01 12:44:00+00', '2026-03-01 14:14:00+00'),
    ('90000000-0000-0000-0000-000000000055',
     '50000000-0000-0000-0000-000000000004',
     682.0000, 95.0400, 0.0000, 0.0000, 777.0400,
     'PAID', 'CASH',
     '2026-03-01 13:41:00+00', '2026-03-01 15:01:00+00'),
    ('90000000-0000-0000-0000-000000000056',
     '50000000-0000-0000-0000-000000000009',
     652.0000, 74.4000, 50.0000, 0.0000, 776.4000,
     'PAID', 'TRANSFER',
     '2026-03-01 14:51:00+00', '2026-03-01 15:22:00+00'),
    ('90000000-0000-0000-0000-000000000057',
     '50000000-0000-0000-0000-000000000011',
     1220.0000, 172.8000, 0.0000, 0.0000, 1392.8000,
     'CANCELLED', NULL,
     '2026-03-01 19:47:00+00', '2026-03-01 19:57:00+00'),
    ('90000000-0000-0000-0000-000000000058',
     '50000000-0000-0000-0000-000000000011',
     180.0000, 0.0000, 0.0000, 0.0000, 180.0000,
     'PAID', 'CARD',
     '2026-03-01 19:31:00+00', '2026-03-01 20:58:00+00'),
    ('90000000-0000-0000-0000-000000000059',
     '50000000-0000-0000-0000-000000000011',
     612.0000, 97.9200, 0.0000, 0.0000, 709.9200,
     'PAID', 'CARD',
     '2026-03-01 14:29:00+00', '2026-03-01 15:49:00+00'),
    ('90000000-0000-0000-0000-000000000060',
     '50000000-0000-0000-0000-000000000011',
     1039.0000, 114.4000, 0.0000, 0.0000, 1153.4000,
     'CANCELLED', NULL,
     '2026-03-01 15:46:00+00', '2026-03-01 15:55:00+00'),
    ('90000000-0000-0000-0000-000000000061',
     '50000000-0000-0000-0000-000000000009',
     795.0000, 127.2000, 0.0000, 0.0000, 922.2000,
     'PAID', 'CARD',
     '2026-03-01 12:37:00+00', '2026-03-01 13:49:00+00'),
    ('90000000-0000-0000-0000-000000000062',
     '50000000-0000-0000-0000-000000000010',
     1170.0000, 179.8400, 0.0000, 0.0000, 1349.8400,
     'PAID', 'CARD',
     '2026-03-01 21:22:00+00', '2026-03-01 22:01:00+00'),
    ('90000000-0000-0000-0000-000000000063',
     '50000000-0000-0000-0000-000000000009',
     1219.0000, 157.7600, 20.0000, 0.0000, 1396.7600,
     'PAID', 'CASH',
     '2026-03-01 19:05:00+00', '2026-03-01 20:01:00+00'),
    ('90000000-0000-0000-0000-000000000064',
     '50000000-0000-0000-0000-000000000010',
     1327.0000, 192.3200, 40.0000, 0.0000, 1559.3200,
     'PAID', 'CASH',
     '2026-03-01 12:22:00+00', '2026-03-01 13:35:00+00'),
    ('90000000-0000-0000-0000-000000000065',
     '50000000-0000-0000-0000-000000000004',
     1551.0000, 237.6000, 0.0000, 0.0000, 1788.6000,
     'CANCELLED', NULL,
     '2026-03-01 12:27:00+00', '2026-03-01 12:31:00+00'),
    ('90000000-0000-0000-0000-000000000066',
     '50000000-0000-0000-0000-000000000010',
     1369.0000, 172.1600, 30.0000, 0.0000, 1571.1600,
     'PAID', 'CARD',
     '2026-03-01 15:54:00+00', '2026-03-01 16:49:00+00'),
    ('90000000-0000-0000-0000-000000000067',
     '50000000-0000-0000-0000-000000000011',
     1212.0000, 169.9200, 40.0000, 0.0000, 1421.9200,
     'PAID', 'CARD',
     '2026-03-01 22:43:00+00', '2026-03-01 23:53:00+00'),
    ('90000000-0000-0000-0000-000000000068',
     '50000000-0000-0000-0000-000000000010',
     1491.0000, 222.8800, 30.0000, 0.0000, 1743.8800,
     'PAID', 'CASH',
     '2026-03-01 21:04:00+00', '2026-03-01 22:12:00+00'),
    ('90000000-0000-0000-0000-000000000069',
     '50000000-0000-0000-0000-000000000010',
     465.0000, 57.6000, 40.0000, 0.0000, 562.6000,
     'PAID', 'CASH',
     '2026-03-01 14:24:00+00', '2026-03-01 15:32:00+00'),
    ('90000000-0000-0000-0000-000000000070',
     '50000000-0000-0000-0000-000000000004',
     288.0000, 28.4800, 30.0000, 0.0000, 346.4800,
     'PAID', 'TRANSFER',
     '2026-03-01 15:18:00+00', '2026-03-01 16:43:00+00'),
    ('90000000-0000-0000-0000-000000000071',
     '50000000-0000-0000-0000-000000000011',
     1874.0000, 272.0000, 50.0000, 0.0000, 2196.0000,
     'PAID', 'TRANSFER',
     '2026-03-01 14:52:00+00', '2026-03-01 16:22:00+00'),
    ('90000000-0000-0000-0000-000000000072',
     '50000000-0000-0000-0000-000000000011',
     1539.0000, 232.1600, 20.0000, 0.0000, 1791.1600,
     'PAID', 'CASH',
     '2026-03-01 22:23:00+00', '2026-03-01 23:32:00+00'),
    ('90000000-0000-0000-0000-000000000073',
     '50000000-0000-0000-0000-000000000011',
     900.0000, 105.6000, 0.0000, 0.0000, 1005.6000,
     'PAID', 'CARD',
     '2026-03-01 22:10:00+00', '2026-03-01 23:35:00+00'),
    ('90000000-0000-0000-0000-000000000074',
     '50000000-0000-0000-0000-000000000004',
     307.0000, 49.1200, 0.0000, 0.0000, 356.1200,
     'PAID', 'CASH',
     '2026-03-01 13:52:00+00', '2026-03-01 14:48:00+00'),
    ('90000000-0000-0000-0000-000000000075',
     '50000000-0000-0000-0000-000000000010',
     543.0000, 85.2800, 40.0000, 0.0000, 668.2800,
     'PAID', 'TRANSFER',
     '2026-03-01 12:20:00+00', '2026-03-01 13:11:00+00'),
    ('90000000-0000-0000-0000-000000000076',
     '50000000-0000-0000-0000-000000000004',
     1287.0000, 167.8400, 30.0000, 0.0000, 1484.8400,
     'PAID', 'TRANSFER',
     '2026-03-01 13:53:00+00', '2026-03-01 14:56:00+00'),
    ('90000000-0000-0000-0000-000000000077',
     '50000000-0000-0000-0000-000000000004',
     637.0000, 77.6000, 40.0000, 0.0000, 754.6000,
     'PAID', 'CASH',
     '2026-03-01 21:15:00+00', '2026-03-01 22:27:00+00'),
    ('90000000-0000-0000-0000-000000000078',
     '50000000-0000-0000-0000-000000000010',
     432.0000, 62.0800, 0.0000, 0.0000, 494.0800,
     'PAID', 'CASH',
     '2026-03-01 19:22:00+00', '2026-03-01 20:38:00+00'),
    ('90000000-0000-0000-0000-000000000079',
     '50000000-0000-0000-0000-000000000011',
     1254.0000, 138.8800, 0.0000, 0.0000, 1392.8800,
     'PAID', 'CASH',
     '2026-03-01 15:40:00+00', '2026-03-01 16:55:00+00'),
    ('90000000-0000-0000-0000-000000000080',
     '50000000-0000-0000-0000-000000000010',
     1415.0000, 192.0000, 40.0000, 0.0000, 1647.0000,
     'PAID', 'CARD',
     '2026-03-01 12:51:00+00', '2026-03-01 13:49:00+00'),
    ('90000000-0000-0000-0000-000000000081',
     '50000000-0000-0000-0000-000000000011',
     1186.0000, 124.8000, 50.0000, 0.0000, 1360.8000,
     'PAID', 'TRANSFER',
     '2026-03-01 15:22:00+00', '2026-03-01 16:50:00+00'),
    ('90000000-0000-0000-0000-000000000082',
     '50000000-0000-0000-0000-000000000010',
     1314.0000, 188.4800, 0.0000, 0.0000, 1502.4800,
     'CANCELLED', NULL,
     '2026-03-01 22:36:00+00', '2026-03-01 22:41:00+00'),
    ('90000000-0000-0000-0000-000000000083',
     '50000000-0000-0000-0000-000000000004',
     1920.0000, 303.6800, 0.0000, 0.0000, 2223.6800,
     'PAID', 'CARD',
     '2026-03-01 21:45:00+00', '2026-03-01 22:59:00+00'),
    ('90000000-0000-0000-0000-000000000084',
     '50000000-0000-0000-0000-000000000009',
     2002.0000, 318.7200, 0.0000, 0.0000, 2320.7200,
     'PAID', 'CARD',
     '2026-03-01 15:01:00+00', '2026-03-01 16:00:00+00'),
    ('90000000-0000-0000-0000-000000000085',
     '50000000-0000-0000-0000-000000000009',
     1480.0000, 217.7600, 0.0000, 0.0000, 1697.7600,
     'PAID', 'TRANSFER',
     '2026-03-01 13:10:00+00', '2026-03-01 14:02:00+00'),
    ('90000000-0000-0000-0000-000000000086',
     '50000000-0000-0000-0000-000000000004',
     814.0000, 92.9600, 0.0000, 0.0000, 906.9600,
     'PAID', 'CARD',
     '2026-03-01 14:41:00+00', '2026-03-01 16:02:00+00'),
    ('90000000-0000-0000-0000-000000000087',
     '50000000-0000-0000-0000-000000000004',
     421.0000, 50.5600, 0.0000, 0.0000, 471.5600,
     'PAID', 'CARD',
     '2026-03-01 20:29:00+00', '2026-03-01 21:08:00+00'),
    ('90000000-0000-0000-0000-000000000088',
     '50000000-0000-0000-0000-000000000010',
     881.0000, 113.4400, 20.0000, 0.0000, 1014.4400,
     'PAID', 'CARD',
     '2026-03-01 20:31:00+00', '2026-03-01 21:57:00+00'),
    ('90000000-0000-0000-0000-000000000089',
     '50000000-0000-0000-0000-000000000004',
     1211.0000, 146.0800, 0.0000, 0.0000, 1357.0800,
     'PAID', 'CARD',
     '2026-03-01 13:16:00+00', '2026-03-01 13:48:00+00'),
    ('90000000-0000-0000-0000-000000000090',
     '50000000-0000-0000-0000-000000000009',
     1091.0000, 174.5600, 0.0000, 0.0000, 1265.5600,
     'CANCELLED', NULL,
     '2026-03-01 15:32:00+00', '2026-03-01 15:35:00+00'),
    ('90000000-0000-0000-0000-000000000091',
     '50000000-0000-0000-0000-000000000010',
     884.0000, 116.8000, 40.0000, 0.0000, 1040.8000,
     'PAID', 'CARD',
     '2026-03-01 14:10:00+00', '2026-03-01 15:33:00+00'),
    ('90000000-0000-0000-0000-000000000092',
     '50000000-0000-0000-0000-000000000010',
     400.0000, 56.8000, 50.0000, 0.0000, 506.8000,
     'PAID', 'TRANSFER',
     '2026-03-01 19:38:00+00', '2026-03-01 20:57:00+00'),
    ('90000000-0000-0000-0000-000000000093',
     '50000000-0000-0000-0000-000000000011',
     395.0000, 63.2000, 20.0000, 0.0000, 478.2000,
     'PAID', 'CARD',
     '2026-03-01 20:26:00+00', '2026-03-01 21:51:00+00'),
    ('90000000-0000-0000-0000-000000000094',
     '50000000-0000-0000-0000-000000000011',
     1760.0000, 256.6400, 30.0000, 0.0000, 2046.6400,
     'PAID', 'CARD',
     '2026-03-01 15:20:00+00', '2026-03-01 16:11:00+00'),
    ('90000000-0000-0000-0000-000000000095',
     '50000000-0000-0000-0000-000000000010',
     1159.0000, 185.4400, 0.0000, 0.0000, 1344.4400,
     'CANCELLED', NULL,
     '2026-03-01 14:45:00+00', '2026-03-01 14:55:00+00'),
    ('90000000-0000-0000-0000-000000000096',
     '50000000-0000-0000-0000-000000000009',
     1186.0000, 145.6000, 20.0000, 0.0000, 1351.6000,
     'PAID', 'CASH',
     '2026-03-01 13:40:00+00', '2026-03-01 14:31:00+00'),
    ('90000000-0000-0000-0000-000000000097',
     '50000000-0000-0000-0000-000000000009',
     501.0000, 52.8000, 50.0000, 0.0000, 603.8000,
     'PAID', 'CARD',
     '2026-03-01 20:02:00+00', '2026-03-01 21:03:00+00'),
    ('90000000-0000-0000-0000-000000000098',
     '50000000-0000-0000-0000-000000000011',
     562.0000, 81.6000, 0.0000, 0.0000, 643.6000,
     'PAID', 'CARD',
     '2026-03-01 22:08:00+00', '2026-03-01 22:50:00+00'),
    ('90000000-0000-0000-0000-000000000099',
     '50000000-0000-0000-0000-000000000010',
     1044.0000, 151.0400, 20.0000, 0.0000, 1215.0400,
     'PAID', 'TRANSFER',
     '2026-03-01 13:11:00+00', '2026-03-01 14:33:00+00'),
    ('90000000-0000-0000-0000-000000000100',
     '50000000-0000-0000-0000-000000000009',
     991.0000, 158.5600, 0.0000, 0.0000, 1149.5600,
     'PAID', 'CASH',
     '2026-03-01 14:44:00+00', '2026-03-01 15:53:00+00'),
    ('90000000-0000-0000-0000-000000000101',
     '50000000-0000-0000-0000-000000000004',
     402.0000, 62.4000, 30.0000, 0.0000, 494.4000,
     'PAID', 'CASH',
     '2026-03-01 15:33:00+00', '2026-03-01 16:10:00+00'),
    ('90000000-0000-0000-0000-000000000102',
     '50000000-0000-0000-0000-000000000004',
     430.0000, 68.8000, 30.0000, 0.0000, 528.8000,
     'PAID', 'CASH',
     '2026-03-01 20:45:00+00', '2026-03-01 21:43:00+00'),
    ('90000000-0000-0000-0000-000000000103',
     '50000000-0000-0000-0000-000000000004',
     667.0000, 58.4000, 0.0000, 0.0000, 725.4000,
     'PAID', 'TRANSFER',
     '2026-03-01 22:43:00+00', '2026-03-01 23:38:00+00');

INSERT INTO order_table (order_id, table_id, joined_at)
VALUES
    ('90000000-0000-0000-0000-000000000004', '80000000-0000-0000-0000-000000000001', '2026-03-01 14:15:00+00'),
    ('90000000-0000-0000-0000-000000000005', '80000000-0000-0000-0000-000000000015', '2026-03-01 12:22:00+00'),
    ('90000000-0000-0000-0000-000000000006', '80000000-0000-0000-0000-000000000012', '2026-03-01 14:36:00+00'),
    ('90000000-0000-0000-0000-000000000007', '80000000-0000-0000-0000-000000000014', '2026-03-01 21:13:00+00'),
    ('90000000-0000-0000-0000-000000000008', '80000000-0000-0000-0000-000000000002', '2026-03-01 20:52:00+00'),
    ('90000000-0000-0000-0000-000000000009', '80000000-0000-0000-0000-000000000015', '2026-03-01 14:14:00+00'),
    ('90000000-0000-0000-0000-000000000010', '80000000-0000-0000-0000-000000000022', '2026-03-01 12:24:00+00'),
    ('90000000-0000-0000-0000-000000000011', '80000000-0000-0000-0000-000000000019', '2026-03-01 12:38:00+00'),
    ('90000000-0000-0000-0000-000000000012', '80000000-0000-0000-0000-000000000016', '2026-03-01 20:34:00+00'),
    ('90000000-0000-0000-0000-000000000013', '80000000-0000-0000-0000-000000000010', '2026-03-01 19:02:00+00'),
    ('90000000-0000-0000-0000-000000000014', '80000000-0000-0000-0000-000000000006', '2026-03-01 12:25:00+00'),
    ('90000000-0000-0000-0000-000000000015', '80000000-0000-0000-0000-000000000010', '2026-03-01 13:26:00+00'),
    ('90000000-0000-0000-0000-000000000016', '80000000-0000-0000-0000-000000000016', '2026-03-01 15:09:00+00'),
    ('90000000-0000-0000-0000-000000000017', '80000000-0000-0000-0000-000000000021', '2026-03-01 21:16:00+00'),
    ('90000000-0000-0000-0000-000000000018', '80000000-0000-0000-0000-000000000010', '2026-03-01 21:18:00+00'),
    ('90000000-0000-0000-0000-000000000019', '80000000-0000-0000-0000-000000000008', '2026-03-01 15:35:00+00'),
    ('90000000-0000-0000-0000-000000000020', '80000000-0000-0000-0000-000000000012', '2026-03-01 14:50:00+00'),
    ('90000000-0000-0000-0000-000000000021', '80000000-0000-0000-0000-000000000001', '2026-03-01 13:47:00+00'),
    ('90000000-0000-0000-0000-000000000022', '80000000-0000-0000-0000-000000000014', '2026-03-01 21:52:00+00'),
    ('90000000-0000-0000-0000-000000000023', '80000000-0000-0000-0000-000000000011', '2026-03-01 20:37:00+00'),
    ('90000000-0000-0000-0000-000000000024', '80000000-0000-0000-0000-000000000012', '2026-03-01 14:42:00+00'),
    ('90000000-0000-0000-0000-000000000025', '80000000-0000-0000-0000-000000000012', '2026-03-01 14:05:00+00'),
    ('90000000-0000-0000-0000-000000000026', '80000000-0000-0000-0000-000000000010', '2026-03-01 13:41:00+00'),
    ('90000000-0000-0000-0000-000000000027', '80000000-0000-0000-0000-000000000022', '2026-03-01 22:53:00+00'),
    ('90000000-0000-0000-0000-000000000028', '80000000-0000-0000-0000-000000000020', '2026-03-01 22:26:00+00'),
    ('90000000-0000-0000-0000-000000000029', '80000000-0000-0000-0000-000000000016', '2026-03-01 15:01:00+00'),
    ('90000000-0000-0000-0000-000000000030', '80000000-0000-0000-0000-000000000003', '2026-03-01 15:01:00+00'),
    ('90000000-0000-0000-0000-000000000031', '80000000-0000-0000-0000-000000000007', '2026-03-01 13:08:00+00'),
    ('90000000-0000-0000-0000-000000000032', '80000000-0000-0000-0000-000000000009', '2026-03-01 19:37:00+00'),
    ('90000000-0000-0000-0000-000000000033', '80000000-0000-0000-0000-000000000016', '2026-03-01 21:40:00+00'),
    ('90000000-0000-0000-0000-000000000034', '80000000-0000-0000-0000-000000000013', '2026-03-01 13:31:00+00'),
    ('90000000-0000-0000-0000-000000000035', '80000000-0000-0000-0000-000000000012', '2026-03-01 13:25:00+00'),
    ('90000000-0000-0000-0000-000000000036', '80000000-0000-0000-0000-000000000008', '2026-03-01 13:13:00+00'),
    ('90000000-0000-0000-0000-000000000037', '80000000-0000-0000-0000-000000000002', '2026-03-01 21:55:00+00'),
    ('90000000-0000-0000-0000-000000000038', '80000000-0000-0000-0000-000000000022', '2026-03-01 20:49:00+00'),
    ('90000000-0000-0000-0000-000000000039', '80000000-0000-0000-0000-000000000021', '2026-03-01 13:27:00+00'),
    ('90000000-0000-0000-0000-000000000040', '80000000-0000-0000-0000-000000000011', '2026-03-01 15:28:00+00'),
    ('90000000-0000-0000-0000-000000000041', '80000000-0000-0000-0000-000000000008', '2026-03-01 15:40:00+00'),
    ('90000000-0000-0000-0000-000000000042', '80000000-0000-0000-0000-000000000019', '2026-03-01 19:42:00+00'),
    ('90000000-0000-0000-0000-000000000043', '80000000-0000-0000-0000-000000000006', '2026-03-01 19:40:00+00'),
    ('90000000-0000-0000-0000-000000000044', '80000000-0000-0000-0000-000000000016', '2026-03-01 15:30:00+00'),
    ('90000000-0000-0000-0000-000000000045', '80000000-0000-0000-0000-000000000021', '2026-03-01 15:55:00+00'),
    ('90000000-0000-0000-0000-000000000046', '80000000-0000-0000-0000-000000000021', '2026-03-01 14:55:00+00'),
    ('90000000-0000-0000-0000-000000000047', '80000000-0000-0000-0000-000000000003', '2026-03-01 20:40:00+00'),
    ('90000000-0000-0000-0000-000000000048', '80000000-0000-0000-0000-000000000001', '2026-03-01 19:20:00+00'),
    ('90000000-0000-0000-0000-000000000049', '80000000-0000-0000-0000-000000000020', '2026-03-01 13:04:00+00'),
    ('90000000-0000-0000-0000-000000000050', '80000000-0000-0000-0000-000000000001', '2026-03-01 12:38:00+00'),
    ('90000000-0000-0000-0000-000000000051', '80000000-0000-0000-0000-000000000014', '2026-03-01 13:05:00+00'),
    ('90000000-0000-0000-0000-000000000052', '80000000-0000-0000-0000-000000000013', '2026-03-01 19:29:00+00'),
    ('90000000-0000-0000-0000-000000000053', '80000000-0000-0000-0000-000000000020', '2026-03-01 21:39:00+00'),
    ('90000000-0000-0000-0000-000000000054', '80000000-0000-0000-0000-000000000025', '2026-03-01 12:44:00+00'),
    ('90000000-0000-0000-0000-000000000055', '80000000-0000-0000-0000-000000000031', '2026-03-01 13:41:00+00'),
    ('90000000-0000-0000-0000-000000000056', '80000000-0000-0000-0000-000000000029', '2026-03-01 14:51:00+00'),
    ('90000000-0000-0000-0000-000000000057', '80000000-0000-0000-0000-000000000029', '2026-03-01 19:47:00+00'),
    ('90000000-0000-0000-0000-000000000058', '80000000-0000-0000-0000-000000000031', '2026-03-01 19:31:00+00'),
    ('90000000-0000-0000-0000-000000000059', '80000000-0000-0000-0000-000000000030', '2026-03-01 14:29:00+00'),
    ('90000000-0000-0000-0000-000000000060', '80000000-0000-0000-0000-000000000027', '2026-03-01 15:46:00+00'),
    ('90000000-0000-0000-0000-000000000061', '80000000-0000-0000-0000-000000000029', '2026-03-01 12:37:00+00'),
    ('90000000-0000-0000-0000-000000000062', '80000000-0000-0000-0000-000000000030', '2026-03-01 21:22:00+00'),
    ('90000000-0000-0000-0000-000000000063', '80000000-0000-0000-0000-000000000032', '2026-03-01 19:05:00+00'),
    ('90000000-0000-0000-0000-000000000064', '80000000-0000-0000-0000-000000000024', '2026-03-01 12:22:00+00'),
    ('90000000-0000-0000-0000-000000000065', '80000000-0000-0000-0000-000000000027', '2026-03-01 12:27:00+00'),
    ('90000000-0000-0000-0000-000000000066', '80000000-0000-0000-0000-000000000005', '2026-03-01 15:54:00+00'),
    ('90000000-0000-0000-0000-000000000067', '80000000-0000-0000-0000-000000000033', '2026-03-01 22:43:00+00'),
    ('90000000-0000-0000-0000-000000000068', '80000000-0000-0000-0000-000000000034', '2026-03-01 21:04:00+00'),
    ('90000000-0000-0000-0000-000000000069', '80000000-0000-0000-0000-000000000026', '2026-03-01 14:24:00+00'),
    ('90000000-0000-0000-0000-000000000070', '80000000-0000-0000-0000-000000000029', '2026-03-01 15:18:00+00'),
    ('90000000-0000-0000-0000-000000000071', '80000000-0000-0000-0000-000000000031', '2026-03-01 14:52:00+00'),
    ('90000000-0000-0000-0000-000000000072', '80000000-0000-0000-0000-000000000004', '2026-03-01 22:23:00+00'),
    ('90000000-0000-0000-0000-000000000073', '80000000-0000-0000-0000-000000000029', '2026-03-01 22:10:00+00'),
    ('90000000-0000-0000-0000-000000000074', '80000000-0000-0000-0000-000000000035', '2026-03-01 13:52:00+00'),
    ('90000000-0000-0000-0000-000000000075', '80000000-0000-0000-0000-000000000024', '2026-03-01 12:20:00+00'),
    ('90000000-0000-0000-0000-000000000076', '80000000-0000-0000-0000-000000000025', '2026-03-01 13:53:00+00'),
    ('90000000-0000-0000-0000-000000000077', '80000000-0000-0000-0000-000000000030', '2026-03-01 21:15:00+00'),
    ('90000000-0000-0000-0000-000000000078', '80000000-0000-0000-0000-000000000025', '2026-03-01 19:22:00+00'),
    ('90000000-0000-0000-0000-000000000079', '80000000-0000-0000-0000-000000000032', '2026-03-01 15:40:00+00'),
    ('90000000-0000-0000-0000-000000000080', '80000000-0000-0000-0000-000000000025', '2026-03-01 12:51:00+00'),
    ('90000000-0000-0000-0000-000000000081', '80000000-0000-0000-0000-000000000023', '2026-03-01 15:22:00+00'),
    ('90000000-0000-0000-0000-000000000082', '80000000-0000-0000-0000-000000000026', '2026-03-01 22:36:00+00'),
    ('90000000-0000-0000-0000-000000000083', '80000000-0000-0000-0000-000000000025', '2026-03-01 21:45:00+00'),
    ('90000000-0000-0000-0000-000000000084', '80000000-0000-0000-0000-000000000024', '2026-03-01 15:01:00+00'),
    ('90000000-0000-0000-0000-000000000085', '80000000-0000-0000-0000-000000000025', '2026-03-01 13:10:00+00'),
    ('90000000-0000-0000-0000-000000000086', '80000000-0000-0000-0000-000000000028', '2026-03-01 14:41:00+00'),
    ('90000000-0000-0000-0000-000000000087', '80000000-0000-0000-0000-000000000026', '2026-03-01 20:29:00+00'),
    ('90000000-0000-0000-0000-000000000088', '80000000-0000-0000-0000-000000000024', '2026-03-01 20:31:00+00'),
    ('90000000-0000-0000-0000-000000000089', '80000000-0000-0000-0000-000000000027', '2026-03-01 13:16:00+00'),
    ('90000000-0000-0000-0000-000000000090', '80000000-0000-0000-0000-000000000030', '2026-03-01 15:32:00+00'),
    ('90000000-0000-0000-0000-000000000091', '80000000-0000-0000-0000-000000000035', '2026-03-01 14:10:00+00'),
    ('90000000-0000-0000-0000-000000000092', '80000000-0000-0000-0000-000000000033', '2026-03-01 19:38:00+00'),
    ('90000000-0000-0000-0000-000000000093', '80000000-0000-0000-0000-000000000032', '2026-03-01 20:26:00+00'),
    ('90000000-0000-0000-0000-000000000094', '80000000-0000-0000-0000-000000000029', '2026-03-01 15:20:00+00'),
    ('90000000-0000-0000-0000-000000000095', '80000000-0000-0000-0000-000000000004', '2026-03-01 14:45:00+00'),
    ('90000000-0000-0000-0000-000000000096', '80000000-0000-0000-0000-000000000004', '2026-03-01 13:40:00+00'),
    ('90000000-0000-0000-0000-000000000097', '80000000-0000-0000-0000-000000000027', '2026-03-01 20:02:00+00'),
    ('90000000-0000-0000-0000-000000000098', '80000000-0000-0000-0000-000000000031', '2026-03-01 22:08:00+00'),
    ('90000000-0000-0000-0000-000000000099', '80000000-0000-0000-0000-000000000030', '2026-03-01 13:11:00+00'),
    ('90000000-0000-0000-0000-000000000100', '80000000-0000-0000-0000-000000000027', '2026-03-01 14:44:00+00'),
    ('90000000-0000-0000-0000-000000000101', '80000000-0000-0000-0000-000000000029', '2026-03-01 15:33:00+00'),
    ('90000000-0000-0000-0000-000000000102', '80000000-0000-0000-0000-000000000031', '2026-03-01 20:45:00+00'),
    ('90000000-0000-0000-0000-000000000103', '80000000-0000-0000-0000-000000000029', '2026-03-01 22:43:00+00');

INSERT INTO order_item (id, order_id, product_id, quantity, unit_price,
                        applied_tax_rate, status, notes)
VALUES
    ('a0000000-0000-0000-0000-000000000007', '90000000-0000-0000-0000-000000000004', '60000000-0000-0000-0000-000000000001', 4, 35.0000, 0.0000, 'DELIVERED', NULL),
    ('a0000000-0000-0000-0000-000000000008', '90000000-0000-0000-0000-000000000004', '60000000-0000-0000-0000-000000000001', 1, 35.0000, 0.0000, 'DELIVERED', NULL),
    ('a0000000-0000-0000-0000-000000000009', '90000000-0000-0000-0000-000000000004', '60000000-0000-0000-0000-000000000001', 2, 35.0000, 0.0000, 'DELIVERED', NULL),
    ('a0000000-0000-0000-0000-000000000010', '90000000-0000-0000-0000-000000000004', '60000000-0000-0000-0000-000000000002', 1, 28.0000, 0.1600, 'DELIVERED', NULL),
    ('a0000000-0000-0000-0000-000000000011', '90000000-0000-0000-0000-000000000004', '60000000-0000-0000-0000-000000000006', 4, 85.0000, 0.1600, 'DELIVERED', NULL),
    ('a0000000-0000-0000-0000-000000000012', '90000000-0000-0000-0000-000000000004', '60000000-0000-0000-0000-000000000007', 1, 120.0000, 0.1600, 'DELIVERED', NULL),
    ('a0000000-0000-0000-0000-000000000013', '90000000-0000-0000-0000-000000000004', '60000000-0000-0000-0000-000000000007', 2, 120.0000, 0.1600, 'DELIVERED', NULL),
    ('a0000000-0000-0000-0000-000000000014', '90000000-0000-0000-0000-000000000004', '60000000-0000-0000-0000-000000000006', 4, 85.0000, 0.1600, 'DELIVERED', NULL),
    ('a0000000-0000-0000-0000-000000000015', '90000000-0000-0000-0000-000000000004', '60000000-0000-0000-0000-000000000002', 2, 28.0000, 0.1600, 'DELIVERED', NULL),
    ('a0000000-0000-0000-0000-000000000016', '90000000-0000-0000-0000-000000000004', '60000000-0000-0000-0000-000000000003', 1, 22.0000, 0.0000, 'DELIVERED', NULL),
    ('a0000000-0000-0000-0000-000000000017', '90000000-0000-0000-0000-000000000005', '60000000-0000-0000-0000-000000000006', 4, 85.0000, 0.1600, 'DELIVERED', NULL),
    ('a0000000-0000-0000-0000-000000000018', '90000000-0000-0000-0000-000000000005', '60000000-0000-0000-0000-000000000004', 1, 65.0000, 0.1600, 'DELIVERED', NULL),
    ('a0000000-0000-0000-0000-000000000019', '90000000-0000-0000-0000-000000000006', '60000000-0000-0000-0000-000000000007', 3, 120.0000, 0.1600, 'DELIVERED', NULL),
    ('a0000000-0000-0000-0000-000000000020', '90000000-0000-0000-0000-000000000006', '60000000-0000-0000-0000-000000000001', 2, 35.0000, 0.0000, 'DELIVERED', NULL),
    ('a0000000-0000-0000-0000-000000000021', '90000000-0000-0000-0000-000000000006', '60000000-0000-0000-0000-000000000007', 1, 120.0000, 0.1600, 'DELIVERED', NULL),
    ('a0000000-0000-0000-0000-000000000022', '90000000-0000-0000-0000-000000000006', '60000000-0000-0000-0000-000000000004', 3, 65.0000, 0.1600, 'DELIVERED', NULL),
    ('a0000000-0000-0000-0000-000000000023', '90000000-0000-0000-0000-000000000006', '60000000-0000-0000-0000-000000000004', 3, 65.0000, 0.1600, 'DELIVERED', NULL),
    ('a0000000-0000-0000-0000-000000000024', '90000000-0000-0000-0000-000000000007', '60000000-0000-0000-0000-000000000005', 2, 75.0000, 0.1600, 'DELIVERED', NULL),
    ('a0000000-0000-0000-0000-000000000025', '90000000-0000-0000-0000-000000000007', '60000000-0000-0000-0000-000000000002', 2, 28.0000, 0.1600, 'DELIVERED', NULL),
    ('a0000000-0000-0000-0000-000000000026', '90000000-0000-0000-0000-000000000007', '60000000-0000-0000-0000-000000000003', 2, 22.0000, 0.0000, 'DELIVERED', NULL),
    ('a0000000-0000-0000-0000-000000000027', '90000000-0000-0000-0000-000000000008', '60000000-0000-0000-0000-000000000003', 1, 22.0000, 0.0000, 'CANCELLED', NULL),
    ('a0000000-0000-0000-0000-000000000028', '90000000-0000-0000-0000-000000000008', '60000000-0000-0000-0000-000000000002', 3, 28.0000, 0.1600, 'CANCELLED', NULL),
    ('a0000000-0000-0000-0000-000000000029', '90000000-0000-0000-0000-000000000008', '60000000-0000-0000-0000-000000000002', 4, 28.0000, 0.1600, 'CANCELLED', NULL),
    ('a0000000-0000-0000-0000-000000000030', '90000000-0000-0000-0000-000000000008', '60000000-0000-0000-0000-000000000004', 4, 65.0000, 0.1600, 'CANCELLED', NULL),
    ('a0000000-0000-0000-0000-000000000031', '90000000-0000-0000-0000-000000000008', '60000000-0000-0000-0000-000000000002', 3, 28.0000, 0.1600, 'CANCELLED', NULL),
    ('a0000000-0000-0000-0000-000000000032', '90000000-0000-0000-0000-000000000008', '60000000-0000-0000-0000-000000000002', 2, 28.0000, 0.1600, 'CANCELLED', NULL),
    ('a0000000-0000-0000-0000-000000000033', '90000000-0000-0000-0000-000000000008', '60000000-0000-0000-0000-000000000006', 3, 85.0000, 0.1600, 'CANCELLED', NULL),
    ('a0000000-0000-0000-0000-000000000034', '90000000-0000-0000-0000-000000000008', '60000000-0000-0000-0000-000000000006', 4, 85.0000, 0.1600, 'CANCELLED', NULL),
    ('a0000000-0000-0000-0000-000000000035', '90000000-0000-0000-0000-000000000009', '60000000-0000-0000-0000-000000000007', 1, 120.0000, 0.1600, 'DELIVERED', NULL),
    ('a0000000-0000-0000-0000-000000000036', '90000000-0000-0000-0000-000000000009', '60000000-0000-0000-0000-000000000007', 1, 120.0000, 0.1600, 'DELIVERED', NULL),
    ('a0000000-0000-0000-0000-000000000037', '90000000-0000-0000-0000-000000000009', '60000000-0000-0000-0000-000000000002', 2, 28.0000, 0.1600, 'DELIVERED', NULL),
    ('a0000000-0000-0000-0000-000000000038', '90000000-0000-0000-0000-000000000010', '60000000-0000-0000-0000-000000000007', 1, 120.0000, 0.1600, 'DELIVERED', NULL),
    ('a0000000-0000-0000-0000-000000000039', '90000000-0000-0000-0000-000000000010', '60000000-0000-0000-0000-000000000006', 1, 85.0000, 0.1600, 'DELIVERED', NULL),
    ('a0000000-0000-0000-0000-000000000040', '90000000-0000-0000-0000-000000000010', '60000000-0000-0000-0000-000000000005', 3, 75.0000, 0.1600, 'DELIVERED', NULL),
    ('a0000000-0000-0000-0000-000000000041', '90000000-0000-0000-0000-000000000010', '60000000-0000-0000-0000-000000000003', 1, 22.0000, 0.0000, 'DELIVERED', NULL),
    ('a0000000-0000-0000-0000-000000000042', '90000000-0000-0000-0000-000000000010', '60000000-0000-0000-0000-000000000003', 4, 22.0000, 0.0000, 'DELIVERED', NULL),
    ('a0000000-0000-0000-0000-000000000043', '90000000-0000-0000-0000-000000000010', '60000000-0000-0000-0000-000000000002', 4, 28.0000, 0.1600, 'DELIVERED', NULL),
    ('a0000000-0000-0000-0000-000000000044', '90000000-0000-0000-0000-000000000010', '60000000-0000-0000-0000-000000000005', 2, 75.0000, 0.1600, 'DELIVERED', NULL),
    ('a0000000-0000-0000-0000-000000000045', '90000000-0000-0000-0000-000000000010', '60000000-0000-0000-0000-000000000001', 3, 35.0000, 0.0000, 'DELIVERED', NULL),
    ('a0000000-0000-0000-0000-000000000046', '90000000-0000-0000-0000-000000000010', '60000000-0000-0000-0000-000000000007', 2, 120.0000, 0.1600, 'DELIVERED', NULL),
    ('a0000000-0000-0000-0000-000000000047', '90000000-0000-0000-0000-000000000010', '60000000-0000-0000-0000-000000000002', 3, 28.0000, 0.1600, 'DELIVERED', NULL),
    ('a0000000-0000-0000-0000-000000000048', '90000000-0000-0000-0000-000000000011', '60000000-0000-0000-0000-000000000007', 3, 120.0000, 0.1600, 'DELIVERED', NULL),
    ('a0000000-0000-0000-0000-000000000049', '90000000-0000-0000-0000-000000000011', '60000000-0000-0000-0000-000000000002', 1, 28.0000, 0.1600, 'DELIVERED', NULL),
    ('a0000000-0000-0000-0000-000000000050', '90000000-0000-0000-0000-000000000011', '60000000-0000-0000-0000-000000000001', 4, 35.0000, 0.0000, 'DELIVERED', NULL),
    ('a0000000-0000-0000-0000-000000000051', '90000000-0000-0000-0000-000000000011', '60000000-0000-0000-0000-000000000007', 1, 120.0000, 0.1600, 'DELIVERED', NULL),
    ('a0000000-0000-0000-0000-000000000052', '90000000-0000-0000-0000-000000000011', '60000000-0000-0000-0000-000000000007', 2, 120.0000, 0.1600, 'DELIVERED', NULL),
    ('a0000000-0000-0000-0000-000000000053', '90000000-0000-0000-0000-000000000011', '60000000-0000-0000-0000-000000000002', 4, 28.0000, 0.1600, 'DELIVERED', NULL),
    ('a0000000-0000-0000-0000-000000000054', '90000000-0000-0000-0000-000000000011', '60000000-0000-0000-0000-000000000002', 3, 28.0000, 0.1600, 'DELIVERED', NULL),
    ('a0000000-0000-0000-0000-000000000055', '90000000-0000-0000-0000-000000000012', '60000000-0000-0000-0000-000000000004', 3, 65.0000, 0.1600, 'DELIVERED', NULL),
    ('a0000000-0000-0000-0000-000000000056', '90000000-0000-0000-0000-000000000012', '60000000-0000-0000-0000-000000000004', 4, 65.0000, 0.1600, 'DELIVERED', NULL),
    ('a0000000-0000-0000-0000-000000000057', '90000000-0000-0000-0000-000000000012', '60000000-0000-0000-0000-000000000001', 2, 35.0000, 0.0000, 'DELIVERED', NULL),
    ('a0000000-0000-0000-0000-000000000058', '90000000-0000-0000-0000-000000000012', '60000000-0000-0000-0000-000000000002', 1, 28.0000, 0.1600, 'DELIVERED', NULL),
    ('a0000000-0000-0000-0000-000000000059', '90000000-0000-0000-0000-000000000012', '60000000-0000-0000-0000-000000000005', 2, 75.0000, 0.1600, 'DELIVERED', NULL),
    ('a0000000-0000-0000-0000-000000000060', '90000000-0000-0000-0000-000000000012', '60000000-0000-0000-0000-000000000001', 1, 35.0000, 0.0000, 'DELIVERED', NULL),
    ('a0000000-0000-0000-0000-000000000061', '90000000-0000-0000-0000-000000000013', '60000000-0000-0000-0000-000000000006', 4, 85.0000, 0.1600, 'DELIVERED', NULL),
    ('a0000000-0000-0000-0000-000000000062', '90000000-0000-0000-0000-000000000013', '60000000-0000-0000-0000-000000000006', 4, 85.0000, 0.1600, 'DELIVERED', NULL),
    ('a0000000-0000-0000-0000-000000000063', '90000000-0000-0000-0000-000000000013', '60000000-0000-0000-0000-000000000007', 4, 120.0000, 0.1600, 'DELIVERED', NULL),
    ('a0000000-0000-0000-0000-000000000064', '90000000-0000-0000-0000-000000000013', '60000000-0000-0000-0000-000000000002', 1, 28.0000, 0.1600, 'DELIVERED', NULL),
    ('a0000000-0000-0000-0000-000000000065', '90000000-0000-0000-0000-000000000013', '60000000-0000-0000-0000-000000000003', 4, 22.0000, 0.0000, 'DELIVERED', NULL),
    ('a0000000-0000-0000-0000-000000000066', '90000000-0000-0000-0000-000000000013', '60000000-0000-0000-0000-000000000004', 4, 65.0000, 0.1600, 'DELIVERED', NULL),
    ('a0000000-0000-0000-0000-000000000067', '90000000-0000-0000-0000-000000000014', '60000000-0000-0000-0000-000000000005', 4, 75.0000, 0.1600, 'DELIVERED', NULL),
    ('a0000000-0000-0000-0000-000000000068', '90000000-0000-0000-0000-000000000014', '60000000-0000-0000-0000-000000000003', 4, 22.0000, 0.0000, 'DELIVERED', NULL),
    ('a0000000-0000-0000-0000-000000000069', '90000000-0000-0000-0000-000000000014', '60000000-0000-0000-0000-000000000002', 1, 28.0000, 0.1600, 'DELIVERED', NULL),
    ('a0000000-0000-0000-0000-000000000070', '90000000-0000-0000-0000-000000000014', '60000000-0000-0000-0000-000000000007', 1, 120.0000, 0.1600, 'DELIVERED', NULL),
    ('a0000000-0000-0000-0000-000000000071', '90000000-0000-0000-0000-000000000014', '60000000-0000-0000-0000-000000000001', 1, 35.0000, 0.0000, 'DELIVERED', NULL),
    ('a0000000-0000-0000-0000-000000000072', '90000000-0000-0000-0000-000000000015', '60000000-0000-0000-0000-000000000002', 4, 28.0000, 0.1600, 'DELIVERED', NULL),
    ('a0000000-0000-0000-0000-000000000073', '90000000-0000-0000-0000-000000000015', '60000000-0000-0000-0000-000000000003', 4, 22.0000, 0.0000, 'DELIVERED', NULL),
    ('a0000000-0000-0000-0000-000000000074', '90000000-0000-0000-0000-000000000016', '60000000-0000-0000-0000-000000000001', 3, 35.0000, 0.0000, 'DELIVERED', NULL),
    ('a0000000-0000-0000-0000-000000000075', '90000000-0000-0000-0000-000000000016', '60000000-0000-0000-0000-000000000001', 1, 35.0000, 0.0000, 'DELIVERED', NULL),
    ('a0000000-0000-0000-0000-000000000076', '90000000-0000-0000-0000-000000000016', '60000000-0000-0000-0000-000000000005', 4, 75.0000, 0.1600, 'DELIVERED', NULL),
    ('a0000000-0000-0000-0000-000000000077', '90000000-0000-0000-0000-000000000016', '60000000-0000-0000-0000-000000000007', 2, 120.0000, 0.1600, 'DELIVERED', NULL),
    ('a0000000-0000-0000-0000-000000000078', '90000000-0000-0000-0000-000000000016', '60000000-0000-0000-0000-000000000001', 1, 35.0000, 0.0000, 'DELIVERED', NULL),
    ('a0000000-0000-0000-0000-000000000079', '90000000-0000-0000-0000-000000000016', '60000000-0000-0000-0000-000000000007', 2, 120.0000, 0.1600, 'DELIVERED', NULL),
    ('a0000000-0000-0000-0000-000000000080', '90000000-0000-0000-0000-000000000016', '60000000-0000-0000-0000-000000000001', 1, 35.0000, 0.0000, 'DELIVERED', NULL),
    ('a0000000-0000-0000-0000-000000000081', '90000000-0000-0000-0000-000000000016', '60000000-0000-0000-0000-000000000006', 2, 85.0000, 0.1600, 'DELIVERED', NULL),
    ('a0000000-0000-0000-0000-000000000082', '90000000-0000-0000-0000-000000000016', '60000000-0000-0000-0000-000000000005', 2, 75.0000, 0.1600, 'DELIVERED', NULL),
    ('a0000000-0000-0000-0000-000000000083', '90000000-0000-0000-0000-000000000016', '60000000-0000-0000-0000-000000000001', 1, 35.0000, 0.0000, 'DELIVERED', NULL),
    ('a0000000-0000-0000-0000-000000000084', '90000000-0000-0000-0000-000000000017', '60000000-0000-0000-0000-000000000004', 2, 65.0000, 0.1600, 'DELIVERED', NULL),
    ('a0000000-0000-0000-0000-000000000085', '90000000-0000-0000-0000-000000000017', '60000000-0000-0000-0000-000000000006', 3, 85.0000, 0.1600, 'DELIVERED', NULL),
    ('a0000000-0000-0000-0000-000000000086', '90000000-0000-0000-0000-000000000017', '60000000-0000-0000-0000-000000000007', 1, 120.0000, 0.1600, 'DELIVERED', NULL),
    ('a0000000-0000-0000-0000-000000000087', '90000000-0000-0000-0000-000000000017', '60000000-0000-0000-0000-000000000001', 4, 35.0000, 0.0000, 'DELIVERED', NULL),
    ('a0000000-0000-0000-0000-000000000088', '90000000-0000-0000-0000-000000000017', '60000000-0000-0000-0000-000000000005', 1, 75.0000, 0.1600, 'DELIVERED', NULL),
    ('a0000000-0000-0000-0000-000000000089', '90000000-0000-0000-0000-000000000017', '60000000-0000-0000-0000-000000000005', 3, 75.0000, 0.1600, 'DELIVERED', NULL),
    ('a0000000-0000-0000-0000-000000000090', '90000000-0000-0000-0000-000000000018', '60000000-0000-0000-0000-000000000001', 3, 35.0000, 0.0000, 'DELIVERED', NULL),
    ('a0000000-0000-0000-0000-000000000091', '90000000-0000-0000-0000-000000000018', '60000000-0000-0000-0000-000000000006', 1, 85.0000, 0.1600, 'DELIVERED', NULL),
    ('a0000000-0000-0000-0000-000000000092', '90000000-0000-0000-0000-000000000018', '60000000-0000-0000-0000-000000000002', 3, 28.0000, 0.1600, 'DELIVERED', NULL),
    ('a0000000-0000-0000-0000-000000000093', '90000000-0000-0000-0000-000000000018', '60000000-0000-0000-0000-000000000006', 2, 85.0000, 0.1600, 'DELIVERED', NULL),
    ('a0000000-0000-0000-0000-000000000094', '90000000-0000-0000-0000-000000000018', '60000000-0000-0000-0000-000000000006', 3, 85.0000, 0.1600, 'DELIVERED', NULL),
    ('a0000000-0000-0000-0000-000000000095', '90000000-0000-0000-0000-000000000018', '60000000-0000-0000-0000-000000000005', 4, 75.0000, 0.1600, 'DELIVERED', NULL),
    ('a0000000-0000-0000-0000-000000000096', '90000000-0000-0000-0000-000000000018', '60000000-0000-0000-0000-000000000001', 4, 35.0000, 0.0000, 'DELIVERED', NULL),
    ('a0000000-0000-0000-0000-000000000097', '90000000-0000-0000-0000-000000000018', '60000000-0000-0000-0000-000000000007', 3, 120.0000, 0.1600, 'DELIVERED', NULL),
    ('a0000000-0000-0000-0000-000000000098', '90000000-0000-0000-0000-000000000018', '60000000-0000-0000-0000-000000000001', 1, 35.0000, 0.0000, 'DELIVERED', NULL),
    ('a0000000-0000-0000-0000-000000000099', '90000000-0000-0000-0000-000000000018', '60000000-0000-0000-0000-000000000003', 2, 22.0000, 0.0000, 'DELIVERED', NULL),
    ('a0000000-0000-0000-0000-000000000100', '90000000-0000-0000-0000-000000000019', '60000000-0000-0000-0000-000000000006', 2, 85.0000, 0.1600, 'DELIVERED', NULL),
    ('a0000000-0000-0000-0000-000000000101', '90000000-0000-0000-0000-000000000019', '60000000-0000-0000-0000-000000000007', 3, 120.0000, 0.1600, 'DELIVERED', NULL),
    ('a0000000-0000-0000-0000-000000000102', '90000000-0000-0000-0000-000000000019', '60000000-0000-0000-0000-000000000005', 2, 75.0000, 0.1600, 'DELIVERED', NULL),
    ('a0000000-0000-0000-0000-000000000103', '90000000-0000-0000-0000-000000000020', '60000000-0000-0000-0000-000000000006', 1, 85.0000, 0.1600, 'DELIVERED', NULL),
    ('a0000000-0000-0000-0000-000000000104', '90000000-0000-0000-0000-000000000020', '60000000-0000-0000-0000-000000000005', 4, 75.0000, 0.1600, 'DELIVERED', NULL),
    ('a0000000-0000-0000-0000-000000000105', '90000000-0000-0000-0000-000000000020', '60000000-0000-0000-0000-000000000006', 2, 85.0000, 0.1600, 'DELIVERED', NULL),
    ('a0000000-0000-0000-0000-000000000106', '90000000-0000-0000-0000-000000000020', '60000000-0000-0000-0000-000000000002', 2, 28.0000, 0.1600, 'DELIVERED', NULL),
    ('a0000000-0000-0000-0000-000000000107', '90000000-0000-0000-0000-000000000020', '60000000-0000-0000-0000-000000000007', 2, 120.0000, 0.1600, 'DELIVERED', NULL),
    ('a0000000-0000-0000-0000-000000000108', '90000000-0000-0000-0000-000000000021', '60000000-0000-0000-0000-000000000003', 2, 22.0000, 0.0000, 'DELIVERED', NULL),
    ('a0000000-0000-0000-0000-000000000109', '90000000-0000-0000-0000-000000000021', '60000000-0000-0000-0000-000000000007', 1, 120.0000, 0.1600, 'DELIVERED', NULL),
    ('a0000000-0000-0000-0000-000000000110', '90000000-0000-0000-0000-000000000021', '60000000-0000-0000-0000-000000000004', 1, 65.0000, 0.1600, 'DELIVERED', NULL),
    ('a0000000-0000-0000-0000-000000000111', '90000000-0000-0000-0000-000000000021', '60000000-0000-0000-0000-000000000007', 4, 120.0000, 0.1600, 'DELIVERED', NULL),
    ('a0000000-0000-0000-0000-000000000112', '90000000-0000-0000-0000-000000000021', '60000000-0000-0000-0000-000000000002', 2, 28.0000, 0.1600, 'DELIVERED', NULL),
    ('a0000000-0000-0000-0000-000000000113', '90000000-0000-0000-0000-000000000022', '60000000-0000-0000-0000-000000000004', 3, 65.0000, 0.1600, 'DELIVERED', NULL),
    ('a0000000-0000-0000-0000-000000000114', '90000000-0000-0000-0000-000000000022', '60000000-0000-0000-0000-000000000003', 1, 22.0000, 0.0000, 'DELIVERED', NULL),
    ('a0000000-0000-0000-0000-000000000115', '90000000-0000-0000-0000-000000000022', '60000000-0000-0000-0000-000000000007', 3, 120.0000, 0.1600, 'DELIVERED', NULL),
    ('a0000000-0000-0000-0000-000000000116', '90000000-0000-0000-0000-000000000022', '60000000-0000-0000-0000-000000000003', 4, 22.0000, 0.0000, 'DELIVERED', NULL),
    ('a0000000-0000-0000-0000-000000000117', '90000000-0000-0000-0000-000000000022', '60000000-0000-0000-0000-000000000006', 3, 85.0000, 0.1600, 'DELIVERED', NULL),
    ('a0000000-0000-0000-0000-000000000118', '90000000-0000-0000-0000-000000000023', '60000000-0000-0000-0000-000000000003', 3, 22.0000, 0.0000, 'DELIVERED', NULL),
    ('a0000000-0000-0000-0000-000000000119', '90000000-0000-0000-0000-000000000023', '60000000-0000-0000-0000-000000000004', 1, 65.0000, 0.1600, 'DELIVERED', NULL),
    ('a0000000-0000-0000-0000-000000000120', '90000000-0000-0000-0000-000000000023', '60000000-0000-0000-0000-000000000004', 2, 65.0000, 0.1600, 'DELIVERED', NULL),
    ('a0000000-0000-0000-0000-000000000121', '90000000-0000-0000-0000-000000000023', '60000000-0000-0000-0000-000000000003', 1, 22.0000, 0.0000, 'DELIVERED', NULL),
    ('a0000000-0000-0000-0000-000000000122', '90000000-0000-0000-0000-000000000023', '60000000-0000-0000-0000-000000000006', 4, 85.0000, 0.1600, 'DELIVERED', NULL),
    ('a0000000-0000-0000-0000-000000000123', '90000000-0000-0000-0000-000000000023', '60000000-0000-0000-0000-000000000003', 4, 22.0000, 0.0000, 'DELIVERED', NULL),
    ('a0000000-0000-0000-0000-000000000124', '90000000-0000-0000-0000-000000000023', '60000000-0000-0000-0000-000000000001', 3, 35.0000, 0.0000, 'DELIVERED', NULL),
    ('a0000000-0000-0000-0000-000000000125', '90000000-0000-0000-0000-000000000023', '60000000-0000-0000-0000-000000000005', 3, 75.0000, 0.1600, 'DELIVERED', NULL),
    ('a0000000-0000-0000-0000-000000000126', '90000000-0000-0000-0000-000000000024', '60000000-0000-0000-0000-000000000002', 2, 28.0000, 0.1600, 'DELIVERED', NULL),
    ('a0000000-0000-0000-0000-000000000127', '90000000-0000-0000-0000-000000000024', '60000000-0000-0000-0000-000000000004', 2, 65.0000, 0.1600, 'DELIVERED', NULL),
    ('a0000000-0000-0000-0000-000000000128', '90000000-0000-0000-0000-000000000024', '60000000-0000-0000-0000-000000000005', 3, 75.0000, 0.1600, 'DELIVERED', NULL),
    ('a0000000-0000-0000-0000-000000000129', '90000000-0000-0000-0000-000000000024', '60000000-0000-0000-0000-000000000007', 1, 120.0000, 0.1600, 'DELIVERED', NULL),
    ('a0000000-0000-0000-0000-000000000130', '90000000-0000-0000-0000-000000000024', '60000000-0000-0000-0000-000000000003', 3, 22.0000, 0.0000, 'DELIVERED', NULL),
    ('a0000000-0000-0000-0000-000000000131', '90000000-0000-0000-0000-000000000024', '60000000-0000-0000-0000-000000000002', 4, 28.0000, 0.1600, 'DELIVERED', NULL),
    ('a0000000-0000-0000-0000-000000000132', '90000000-0000-0000-0000-000000000024', '60000000-0000-0000-0000-000000000005', 3, 75.0000, 0.1600, 'DELIVERED', NULL),
    ('a0000000-0000-0000-0000-000000000133', '90000000-0000-0000-0000-000000000024', '60000000-0000-0000-0000-000000000004', 2, 65.0000, 0.1600, 'DELIVERED', NULL),
    ('a0000000-0000-0000-0000-000000000134', '90000000-0000-0000-0000-000000000024', '60000000-0000-0000-0000-000000000005', 4, 75.0000, 0.1600, 'DELIVERED', NULL),
    ('a0000000-0000-0000-0000-000000000135', '90000000-0000-0000-0000-000000000024', '60000000-0000-0000-0000-000000000007', 2, 120.0000, 0.1600, 'DELIVERED', NULL),
    ('a0000000-0000-0000-0000-000000000136', '90000000-0000-0000-0000-000000000025', '60000000-0000-0000-0000-000000000007', 2, 120.0000, 0.1600, 'DELIVERED', NULL),
    ('a0000000-0000-0000-0000-000000000137', '90000000-0000-0000-0000-000000000025', '60000000-0000-0000-0000-000000000002', 1, 28.0000, 0.1600, 'DELIVERED', NULL),
    ('a0000000-0000-0000-0000-000000000138', '90000000-0000-0000-0000-000000000025', '60000000-0000-0000-0000-000000000005', 1, 75.0000, 0.1600, 'DELIVERED', NULL),
    ('a0000000-0000-0000-0000-000000000139', '90000000-0000-0000-0000-000000000025', '60000000-0000-0000-0000-000000000006', 2, 85.0000, 0.1600, 'DELIVERED', NULL),
    ('a0000000-0000-0000-0000-000000000140', '90000000-0000-0000-0000-000000000025', '60000000-0000-0000-0000-000000000004', 4, 65.0000, 0.1600, 'DELIVERED', NULL),
    ('a0000000-0000-0000-0000-000000000141', '90000000-0000-0000-0000-000000000026', '60000000-0000-0000-0000-000000000002', 4, 28.0000, 0.1600, 'DELIVERED', NULL),
    ('a0000000-0000-0000-0000-000000000142', '90000000-0000-0000-0000-000000000026', '60000000-0000-0000-0000-000000000007', 1, 120.0000, 0.1600, 'DELIVERED', NULL),
    ('a0000000-0000-0000-0000-000000000143', '90000000-0000-0000-0000-000000000026', '60000000-0000-0000-0000-000000000004', 2, 65.0000, 0.1600, 'DELIVERED', NULL),
    ('a0000000-0000-0000-0000-000000000144', '90000000-0000-0000-0000-000000000026', '60000000-0000-0000-0000-000000000007', 4, 120.0000, 0.1600, 'DELIVERED', NULL),
    ('a0000000-0000-0000-0000-000000000145', '90000000-0000-0000-0000-000000000026', '60000000-0000-0000-0000-000000000006', 3, 85.0000, 0.1600, 'DELIVERED', NULL),
    ('a0000000-0000-0000-0000-000000000146', '90000000-0000-0000-0000-000000000027', '60000000-0000-0000-0000-000000000004', 3, 65.0000, 0.1600, 'DELIVERED', NULL),
    ('a0000000-0000-0000-0000-000000000147', '90000000-0000-0000-0000-000000000027', '60000000-0000-0000-0000-000000000007', 2, 120.0000, 0.1600, 'DELIVERED', NULL),
    ('a0000000-0000-0000-0000-000000000148', '90000000-0000-0000-0000-000000000027', '60000000-0000-0000-0000-000000000007', 3, 120.0000, 0.1600, 'DELIVERED', NULL),
    ('a0000000-0000-0000-0000-000000000149', '90000000-0000-0000-0000-000000000027', '60000000-0000-0000-0000-000000000007', 4, 120.0000, 0.1600, 'DELIVERED', NULL),
    ('a0000000-0000-0000-0000-000000000150', '90000000-0000-0000-0000-000000000027', '60000000-0000-0000-0000-000000000006', 2, 85.0000, 0.1600, 'DELIVERED', NULL),
    ('a0000000-0000-0000-0000-000000000151', '90000000-0000-0000-0000-000000000027', '60000000-0000-0000-0000-000000000006', 3, 85.0000, 0.1600, 'DELIVERED', NULL),
    ('a0000000-0000-0000-0000-000000000152', '90000000-0000-0000-0000-000000000027', '60000000-0000-0000-0000-000000000003', 1, 22.0000, 0.0000, 'DELIVERED', NULL),
    ('a0000000-0000-0000-0000-000000000153', '90000000-0000-0000-0000-000000000027', '60000000-0000-0000-0000-000000000002', 2, 28.0000, 0.1600, 'DELIVERED', NULL),
    ('a0000000-0000-0000-0000-000000000154', '90000000-0000-0000-0000-000000000027', '60000000-0000-0000-0000-000000000006', 2, 85.0000, 0.1600, 'DELIVERED', NULL),
    ('a0000000-0000-0000-0000-000000000155', '90000000-0000-0000-0000-000000000028', '60000000-0000-0000-0000-000000000007', 1, 120.0000, 0.1600, 'CANCELLED', NULL),
    ('a0000000-0000-0000-0000-000000000156', '90000000-0000-0000-0000-000000000028', '60000000-0000-0000-0000-000000000007', 4, 120.0000, 0.1600, 'CANCELLED', NULL),
    ('a0000000-0000-0000-0000-000000000157', '90000000-0000-0000-0000-000000000028', '60000000-0000-0000-0000-000000000004', 1, 65.0000, 0.1600, 'CANCELLED', NULL),
    ('a0000000-0000-0000-0000-000000000158', '90000000-0000-0000-0000-000000000028', '60000000-0000-0000-0000-000000000003', 3, 22.0000, 0.0000, 'CANCELLED', NULL),
    ('a0000000-0000-0000-0000-000000000159', '90000000-0000-0000-0000-000000000028', '60000000-0000-0000-0000-000000000007', 4, 120.0000, 0.1600, 'CANCELLED', NULL),
    ('a0000000-0000-0000-0000-000000000160', '90000000-0000-0000-0000-000000000028', '60000000-0000-0000-0000-000000000007', 4, 120.0000, 0.1600, 'CANCELLED', NULL),
    ('a0000000-0000-0000-0000-000000000161', '90000000-0000-0000-0000-000000000028', '60000000-0000-0000-0000-000000000005', 2, 75.0000, 0.1600, 'CANCELLED', NULL),
    ('a0000000-0000-0000-0000-000000000162', '90000000-0000-0000-0000-000000000028', '60000000-0000-0000-0000-000000000004', 2, 65.0000, 0.1600, 'CANCELLED', NULL),
    ('a0000000-0000-0000-0000-000000000163', '90000000-0000-0000-0000-000000000029', '60000000-0000-0000-0000-000000000006', 2, 85.0000, 0.1600, 'DELIVERED', NULL),
    ('a0000000-0000-0000-0000-000000000164', '90000000-0000-0000-0000-000000000029', '60000000-0000-0000-0000-000000000002', 1, 28.0000, 0.1600, 'DELIVERED', NULL),
    ('a0000000-0000-0000-0000-000000000165', '90000000-0000-0000-0000-000000000029', '60000000-0000-0000-0000-000000000005', 1, 75.0000, 0.1600, 'DELIVERED', NULL),
    ('a0000000-0000-0000-0000-000000000166', '90000000-0000-0000-0000-000000000029', '60000000-0000-0000-0000-000000000002', 4, 28.0000, 0.1600, 'DELIVERED', NULL),
    ('a0000000-0000-0000-0000-000000000167', '90000000-0000-0000-0000-000000000029', '60000000-0000-0000-0000-000000000004', 3, 65.0000, 0.1600, 'DELIVERED', NULL),
    ('a0000000-0000-0000-0000-000000000168', '90000000-0000-0000-0000-000000000029', '60000000-0000-0000-0000-000000000002', 4, 28.0000, 0.1600, 'DELIVERED', NULL),
    ('a0000000-0000-0000-0000-000000000169', '90000000-0000-0000-0000-000000000029', '60000000-0000-0000-0000-000000000007', 4, 120.0000, 0.1600, 'DELIVERED', NULL),
    ('a0000000-0000-0000-0000-000000000170', '90000000-0000-0000-0000-000000000029', '60000000-0000-0000-0000-000000000003', 4, 22.0000, 0.0000, 'DELIVERED', NULL),
    ('a0000000-0000-0000-0000-000000000171', '90000000-0000-0000-0000-000000000030', '60000000-0000-0000-0000-000000000007', 1, 120.0000, 0.1600, 'DELIVERED', NULL),
    ('a0000000-0000-0000-0000-000000000172', '90000000-0000-0000-0000-000000000030', '60000000-0000-0000-0000-000000000007', 1, 120.0000, 0.1600, 'DELIVERED', NULL),
    ('a0000000-0000-0000-0000-000000000173', '90000000-0000-0000-0000-000000000030', '60000000-0000-0000-0000-000000000002', 2, 28.0000, 0.1600, 'DELIVERED', NULL),
    ('a0000000-0000-0000-0000-000000000174', '90000000-0000-0000-0000-000000000031', '60000000-0000-0000-0000-000000000004', 3, 65.0000, 0.1600, 'DELIVERED', NULL),
    ('a0000000-0000-0000-0000-000000000175', '90000000-0000-0000-0000-000000000031', '60000000-0000-0000-0000-000000000007', 3, 120.0000, 0.1600, 'DELIVERED', NULL),
    ('a0000000-0000-0000-0000-000000000176', '90000000-0000-0000-0000-000000000031', '60000000-0000-0000-0000-000000000002', 1, 28.0000, 0.1600, 'DELIVERED', NULL),
    ('a0000000-0000-0000-0000-000000000177', '90000000-0000-0000-0000-000000000031', '60000000-0000-0000-0000-000000000002', 3, 28.0000, 0.1600, 'DELIVERED', NULL),
    ('a0000000-0000-0000-0000-000000000178', '90000000-0000-0000-0000-000000000031', '60000000-0000-0000-0000-000000000003', 4, 22.0000, 0.0000, 'DELIVERED', NULL),
    ('a0000000-0000-0000-0000-000000000179', '90000000-0000-0000-0000-000000000032', '60000000-0000-0000-0000-000000000007', 1, 120.0000, 0.1600, 'DELIVERED', NULL),
    ('a0000000-0000-0000-0000-000000000180', '90000000-0000-0000-0000-000000000032', '60000000-0000-0000-0000-000000000007', 1, 120.0000, 0.1600, 'DELIVERED', NULL),
    ('a0000000-0000-0000-0000-000000000181', '90000000-0000-0000-0000-000000000032', '60000000-0000-0000-0000-000000000003', 4, 22.0000, 0.0000, 'DELIVERED', NULL),
    ('a0000000-0000-0000-0000-000000000182', '90000000-0000-0000-0000-000000000032', '60000000-0000-0000-0000-000000000006', 3, 85.0000, 0.1600, 'DELIVERED', NULL),
    ('a0000000-0000-0000-0000-000000000183', '90000000-0000-0000-0000-000000000032', '60000000-0000-0000-0000-000000000001', 4, 35.0000, 0.0000, 'DELIVERED', NULL),
    ('a0000000-0000-0000-0000-000000000184', '90000000-0000-0000-0000-000000000032', '60000000-0000-0000-0000-000000000007', 4, 120.0000, 0.1600, 'DELIVERED', NULL),
    ('a0000000-0000-0000-0000-000000000185', '90000000-0000-0000-0000-000000000033', '60000000-0000-0000-0000-000000000002', 3, 28.0000, 0.1600, 'DELIVERED', NULL),
    ('a0000000-0000-0000-0000-000000000186', '90000000-0000-0000-0000-000000000033', '60000000-0000-0000-0000-000000000005', 4, 75.0000, 0.1600, 'DELIVERED', NULL),
    ('a0000000-0000-0000-0000-000000000187', '90000000-0000-0000-0000-000000000033', '60000000-0000-0000-0000-000000000007', 3, 120.0000, 0.1600, 'DELIVERED', NULL),
    ('a0000000-0000-0000-0000-000000000188', '90000000-0000-0000-0000-000000000033', '60000000-0000-0000-0000-000000000003', 2, 22.0000, 0.0000, 'DELIVERED', NULL),
    ('a0000000-0000-0000-0000-000000000189', '90000000-0000-0000-0000-000000000033', '60000000-0000-0000-0000-000000000007', 1, 120.0000, 0.1600, 'DELIVERED', NULL),
    ('a0000000-0000-0000-0000-000000000190', '90000000-0000-0000-0000-000000000033', '60000000-0000-0000-0000-000000000003', 4, 22.0000, 0.0000, 'DELIVERED', NULL),
    ('a0000000-0000-0000-0000-000000000191', '90000000-0000-0000-0000-000000000033', '60000000-0000-0000-0000-000000000002', 4, 28.0000, 0.1600, 'DELIVERED', NULL),
    ('a0000000-0000-0000-0000-000000000192', '90000000-0000-0000-0000-000000000033', '60000000-0000-0000-0000-000000000006', 4, 85.0000, 0.1600, 'DELIVERED', NULL),
    ('a0000000-0000-0000-0000-000000000193', '90000000-0000-0000-0000-000000000034', '60000000-0000-0000-0000-000000000005', 1, 75.0000, 0.1600, 'DELIVERED', NULL),
    ('a0000000-0000-0000-0000-000000000194', '90000000-0000-0000-0000-000000000034', '60000000-0000-0000-0000-000000000002', 1, 28.0000, 0.1600, 'DELIVERED', NULL),
    ('a0000000-0000-0000-0000-000000000195', '90000000-0000-0000-0000-000000000034', '60000000-0000-0000-0000-000000000004', 2, 65.0000, 0.1600, 'DELIVERED', NULL),
    ('a0000000-0000-0000-0000-000000000196', '90000000-0000-0000-0000-000000000034', '60000000-0000-0000-0000-000000000006', 4, 85.0000, 0.1600, 'DELIVERED', NULL),
    ('a0000000-0000-0000-0000-000000000197', '90000000-0000-0000-0000-000000000034', '60000000-0000-0000-0000-000000000004', 4, 65.0000, 0.1600, 'DELIVERED', NULL),
    ('a0000000-0000-0000-0000-000000000198', '90000000-0000-0000-0000-000000000034', '60000000-0000-0000-0000-000000000007', 1, 120.0000, 0.1600, 'DELIVERED', NULL),
    ('a0000000-0000-0000-0000-000000000199', '90000000-0000-0000-0000-000000000035', '60000000-0000-0000-0000-000000000004', 3, 65.0000, 0.1600, 'DELIVERED', NULL),
    ('a0000000-0000-0000-0000-000000000200', '90000000-0000-0000-0000-000000000035', '60000000-0000-0000-0000-000000000004', 3, 65.0000, 0.1600, 'DELIVERED', NULL),
    ('a0000000-0000-0000-0000-000000000201', '90000000-0000-0000-0000-000000000035', '60000000-0000-0000-0000-000000000003', 4, 22.0000, 0.0000, 'DELIVERED', NULL),
    ('a0000000-0000-0000-0000-000000000202', '90000000-0000-0000-0000-000000000035', '60000000-0000-0000-0000-000000000003', 3, 22.0000, 0.0000, 'DELIVERED', NULL),
    ('a0000000-0000-0000-0000-000000000203', '90000000-0000-0000-0000-000000000035', '60000000-0000-0000-0000-000000000003', 2, 22.0000, 0.0000, 'DELIVERED', NULL),
    ('a0000000-0000-0000-0000-000000000204', '90000000-0000-0000-0000-000000000035', '60000000-0000-0000-0000-000000000001', 2, 35.0000, 0.0000, 'DELIVERED', NULL),
    ('a0000000-0000-0000-0000-000000000205', '90000000-0000-0000-0000-000000000035', '60000000-0000-0000-0000-000000000003', 1, 22.0000, 0.0000, 'DELIVERED', NULL),
    ('a0000000-0000-0000-0000-000000000206', '90000000-0000-0000-0000-000000000036', '60000000-0000-0000-0000-000000000005', 3, 75.0000, 0.1600, 'DELIVERED', NULL),
    ('a0000000-0000-0000-0000-000000000207', '90000000-0000-0000-0000-000000000036', '60000000-0000-0000-0000-000000000007', 2, 120.0000, 0.1600, 'DELIVERED', NULL),
    ('a0000000-0000-0000-0000-000000000208', '90000000-0000-0000-0000-000000000036', '60000000-0000-0000-0000-000000000003', 2, 22.0000, 0.0000, 'DELIVERED', NULL),
    ('a0000000-0000-0000-0000-000000000209', '90000000-0000-0000-0000-000000000036', '60000000-0000-0000-0000-000000000003', 2, 22.0000, 0.0000, 'DELIVERED', NULL),
    ('a0000000-0000-0000-0000-000000000210', '90000000-0000-0000-0000-000000000036', '60000000-0000-0000-0000-000000000003', 1, 22.0000, 0.0000, 'DELIVERED', NULL),
    ('a0000000-0000-0000-0000-000000000211', '90000000-0000-0000-0000-000000000036', '60000000-0000-0000-0000-000000000006', 2, 85.0000, 0.1600, 'DELIVERED', NULL),
    ('a0000000-0000-0000-0000-000000000212', '90000000-0000-0000-0000-000000000036', '60000000-0000-0000-0000-000000000005', 3, 75.0000, 0.1600, 'DELIVERED', NULL),
    ('a0000000-0000-0000-0000-000000000213', '90000000-0000-0000-0000-000000000036', '60000000-0000-0000-0000-000000000002', 4, 28.0000, 0.1600, 'DELIVERED', NULL),
    ('a0000000-0000-0000-0000-000000000214', '90000000-0000-0000-0000-000000000036', '60000000-0000-0000-0000-000000000005', 3, 75.0000, 0.1600, 'DELIVERED', NULL),
    ('a0000000-0000-0000-0000-000000000215', '90000000-0000-0000-0000-000000000036', '60000000-0000-0000-0000-000000000004', 3, 65.0000, 0.1600, 'DELIVERED', NULL),
    ('a0000000-0000-0000-0000-000000000216', '90000000-0000-0000-0000-000000000037', '60000000-0000-0000-0000-000000000005', 1, 75.0000, 0.1600, 'DELIVERED', NULL),
    ('a0000000-0000-0000-0000-000000000217', '90000000-0000-0000-0000-000000000037', '60000000-0000-0000-0000-000000000001', 2, 35.0000, 0.0000, 'DELIVERED', NULL),
    ('a0000000-0000-0000-0000-000000000218', '90000000-0000-0000-0000-000000000037', '60000000-0000-0000-0000-000000000001', 4, 35.0000, 0.0000, 'DELIVERED', NULL),
    ('a0000000-0000-0000-0000-000000000219', '90000000-0000-0000-0000-000000000038', '60000000-0000-0000-0000-000000000003', 1, 22.0000, 0.0000, 'DELIVERED', NULL),
    ('a0000000-0000-0000-0000-000000000220', '90000000-0000-0000-0000-000000000038', '60000000-0000-0000-0000-000000000005', 1, 75.0000, 0.1600, 'DELIVERED', NULL),
    ('a0000000-0000-0000-0000-000000000221', '90000000-0000-0000-0000-000000000038', '60000000-0000-0000-0000-000000000002', 2, 28.0000, 0.1600, 'DELIVERED', NULL),
    ('a0000000-0000-0000-0000-000000000222', '90000000-0000-0000-0000-000000000038', '60000000-0000-0000-0000-000000000002', 2, 28.0000, 0.1600, 'DELIVERED', NULL),
    ('a0000000-0000-0000-0000-000000000223', '90000000-0000-0000-0000-000000000038', '60000000-0000-0000-0000-000000000002', 1, 28.0000, 0.1600, 'DELIVERED', NULL),
    ('a0000000-0000-0000-0000-000000000224', '90000000-0000-0000-0000-000000000038', '60000000-0000-0000-0000-000000000006', 4, 85.0000, 0.1600, 'DELIVERED', NULL),
    ('a0000000-0000-0000-0000-000000000225', '90000000-0000-0000-0000-000000000038', '60000000-0000-0000-0000-000000000003', 3, 22.0000, 0.0000, 'DELIVERED', NULL),
    ('a0000000-0000-0000-0000-000000000226', '90000000-0000-0000-0000-000000000038', '60000000-0000-0000-0000-000000000006', 4, 85.0000, 0.1600, 'DELIVERED', NULL),
    ('a0000000-0000-0000-0000-000000000227', '90000000-0000-0000-0000-000000000039', '60000000-0000-0000-0000-000000000007', 2, 120.0000, 0.1600, 'DELIVERED', NULL),
    ('a0000000-0000-0000-0000-000000000228', '90000000-0000-0000-0000-000000000039', '60000000-0000-0000-0000-000000000001', 1, 35.0000, 0.0000, 'DELIVERED', NULL),
    ('a0000000-0000-0000-0000-000000000229', '90000000-0000-0000-0000-000000000039', '60000000-0000-0000-0000-000000000002', 3, 28.0000, 0.1600, 'DELIVERED', NULL),
    ('a0000000-0000-0000-0000-000000000230', '90000000-0000-0000-0000-000000000039', '60000000-0000-0000-0000-000000000007', 3, 120.0000, 0.1600, 'DELIVERED', NULL),
    ('a0000000-0000-0000-0000-000000000231', '90000000-0000-0000-0000-000000000039', '60000000-0000-0000-0000-000000000004', 1, 65.0000, 0.1600, 'DELIVERED', NULL),
    ('a0000000-0000-0000-0000-000000000232', '90000000-0000-0000-0000-000000000039', '60000000-0000-0000-0000-000000000004', 3, 65.0000, 0.1600, 'DELIVERED', NULL),
    ('a0000000-0000-0000-0000-000000000233', '90000000-0000-0000-0000-000000000040', '60000000-0000-0000-0000-000000000006', 3, 85.0000, 0.1600, 'CANCELLED', NULL),
    ('a0000000-0000-0000-0000-000000000234', '90000000-0000-0000-0000-000000000040', '60000000-0000-0000-0000-000000000005', 3, 75.0000, 0.1600, 'CANCELLED', NULL),
    ('a0000000-0000-0000-0000-000000000235', '90000000-0000-0000-0000-000000000040', '60000000-0000-0000-0000-000000000001', 1, 35.0000, 0.0000, 'CANCELLED', NULL),
    ('a0000000-0000-0000-0000-000000000236', '90000000-0000-0000-0000-000000000040', '60000000-0000-0000-0000-000000000002', 1, 28.0000, 0.1600, 'CANCELLED', NULL),
    ('a0000000-0000-0000-0000-000000000237', '90000000-0000-0000-0000-000000000040', '60000000-0000-0000-0000-000000000007', 3, 120.0000, 0.1600, 'CANCELLED', NULL),
    ('a0000000-0000-0000-0000-000000000238', '90000000-0000-0000-0000-000000000040', '60000000-0000-0000-0000-000000000005', 1, 75.0000, 0.1600, 'CANCELLED', NULL),
    ('a0000000-0000-0000-0000-000000000239', '90000000-0000-0000-0000-000000000040', '60000000-0000-0000-0000-000000000007', 2, 120.0000, 0.1600, 'CANCELLED', NULL),
    ('a0000000-0000-0000-0000-000000000240', '90000000-0000-0000-0000-000000000040', '60000000-0000-0000-0000-000000000004', 4, 65.0000, 0.1600, 'CANCELLED', NULL),
    ('a0000000-0000-0000-0000-000000000241', '90000000-0000-0000-0000-000000000041', '60000000-0000-0000-0000-000000000003', 3, 22.0000, 0.0000, 'DELIVERED', NULL),
    ('a0000000-0000-0000-0000-000000000242', '90000000-0000-0000-0000-000000000041', '60000000-0000-0000-0000-000000000006', 1, 85.0000, 0.1600, 'DELIVERED', NULL),
    ('a0000000-0000-0000-0000-000000000243', '90000000-0000-0000-0000-000000000041', '60000000-0000-0000-0000-000000000003', 4, 22.0000, 0.0000, 'DELIVERED', NULL),
    ('a0000000-0000-0000-0000-000000000244', '90000000-0000-0000-0000-000000000041', '60000000-0000-0000-0000-000000000006', 4, 85.0000, 0.1600, 'DELIVERED', NULL),
    ('a0000000-0000-0000-0000-000000000245', '90000000-0000-0000-0000-000000000041', '60000000-0000-0000-0000-000000000007', 1, 120.0000, 0.1600, 'DELIVERED', NULL),
    ('a0000000-0000-0000-0000-000000000246', '90000000-0000-0000-0000-000000000041', '60000000-0000-0000-0000-000000000004', 1, 65.0000, 0.1600, 'DELIVERED', NULL),
    ('a0000000-0000-0000-0000-000000000247', '90000000-0000-0000-0000-000000000041', '60000000-0000-0000-0000-000000000003', 3, 22.0000, 0.0000, 'DELIVERED', NULL),
    ('a0000000-0000-0000-0000-000000000248', '90000000-0000-0000-0000-000000000041', '60000000-0000-0000-0000-000000000003', 1, 22.0000, 0.0000, 'DELIVERED', NULL),
    ('a0000000-0000-0000-0000-000000000249', '90000000-0000-0000-0000-000000000042', '60000000-0000-0000-0000-000000000005', 3, 75.0000, 0.1600, 'DELIVERED', NULL),
    ('a0000000-0000-0000-0000-000000000250', '90000000-0000-0000-0000-000000000042', '60000000-0000-0000-0000-000000000004', 4, 65.0000, 0.1600, 'DELIVERED', NULL),
    ('a0000000-0000-0000-0000-000000000251', '90000000-0000-0000-0000-000000000042', '60000000-0000-0000-0000-000000000007', 1, 120.0000, 0.1600, 'DELIVERED', NULL),
    ('a0000000-0000-0000-0000-000000000252', '90000000-0000-0000-0000-000000000042', '60000000-0000-0000-0000-000000000002', 3, 28.0000, 0.1600, 'DELIVERED', NULL),
    ('a0000000-0000-0000-0000-000000000253', '90000000-0000-0000-0000-000000000042', '60000000-0000-0000-0000-000000000003', 4, 22.0000, 0.0000, 'DELIVERED', NULL),
    ('a0000000-0000-0000-0000-000000000254', '90000000-0000-0000-0000-000000000043', '60000000-0000-0000-0000-000000000005', 1, 75.0000, 0.1600, 'DELIVERED', NULL),
    ('a0000000-0000-0000-0000-000000000255', '90000000-0000-0000-0000-000000000043', '60000000-0000-0000-0000-000000000001', 2, 35.0000, 0.0000, 'DELIVERED', NULL),
    ('a0000000-0000-0000-0000-000000000256', '90000000-0000-0000-0000-000000000043', '60000000-0000-0000-0000-000000000007', 1, 120.0000, 0.1600, 'DELIVERED', NULL),
    ('a0000000-0000-0000-0000-000000000257', '90000000-0000-0000-0000-000000000043', '60000000-0000-0000-0000-000000000004', 1, 65.0000, 0.1600, 'DELIVERED', NULL),
    ('a0000000-0000-0000-0000-000000000258', '90000000-0000-0000-0000-000000000043', '60000000-0000-0000-0000-000000000006', 2, 85.0000, 0.1600, 'DELIVERED', NULL),
    ('a0000000-0000-0000-0000-000000000259', '90000000-0000-0000-0000-000000000043', '60000000-0000-0000-0000-000000000006', 3, 85.0000, 0.1600, 'DELIVERED', NULL),
    ('a0000000-0000-0000-0000-000000000260', '90000000-0000-0000-0000-000000000044', '60000000-0000-0000-0000-000000000005', 2, 75.0000, 0.1600, 'DELIVERED', NULL),
    ('a0000000-0000-0000-0000-000000000261', '90000000-0000-0000-0000-000000000044', '60000000-0000-0000-0000-000000000003', 4, 22.0000, 0.0000, 'DELIVERED', NULL),
    ('a0000000-0000-0000-0000-000000000262', '90000000-0000-0000-0000-000000000044', '60000000-0000-0000-0000-000000000003', 3, 22.0000, 0.0000, 'DELIVERED', NULL),
    ('a0000000-0000-0000-0000-000000000263', '90000000-0000-0000-0000-000000000044', '60000000-0000-0000-0000-000000000007', 1, 120.0000, 0.1600, 'DELIVERED', NULL),
    ('a0000000-0000-0000-0000-000000000264', '90000000-0000-0000-0000-000000000044', '60000000-0000-0000-0000-000000000003', 3, 22.0000, 0.0000, 'DELIVERED', NULL),
    ('a0000000-0000-0000-0000-000000000265', '90000000-0000-0000-0000-000000000045', '60000000-0000-0000-0000-000000000005', 4, 75.0000, 0.1600, 'DELIVERED', NULL),
    ('a0000000-0000-0000-0000-000000000266', '90000000-0000-0000-0000-000000000045', '60000000-0000-0000-0000-000000000003', 2, 22.0000, 0.0000, 'DELIVERED', NULL),
    ('a0000000-0000-0000-0000-000000000267', '90000000-0000-0000-0000-000000000045', '60000000-0000-0000-0000-000000000006', 2, 85.0000, 0.1600, 'DELIVERED', NULL),
    ('a0000000-0000-0000-0000-000000000268', '90000000-0000-0000-0000-000000000045', '60000000-0000-0000-0000-000000000002', 4, 28.0000, 0.1600, 'DELIVERED', NULL),
    ('a0000000-0000-0000-0000-000000000269', '90000000-0000-0000-0000-000000000045', '60000000-0000-0000-0000-000000000006', 4, 85.0000, 0.1600, 'DELIVERED', NULL),
    ('a0000000-0000-0000-0000-000000000270', '90000000-0000-0000-0000-000000000045', '60000000-0000-0000-0000-000000000006', 2, 85.0000, 0.1600, 'DELIVERED', NULL),
    ('a0000000-0000-0000-0000-000000000271', '90000000-0000-0000-0000-000000000045', '60000000-0000-0000-0000-000000000001', 2, 35.0000, 0.0000, 'DELIVERED', NULL),
    ('a0000000-0000-0000-0000-000000000272', '90000000-0000-0000-0000-000000000046', '60000000-0000-0000-0000-000000000001', 2, 35.0000, 0.0000, 'DELIVERED', NULL),
    ('a0000000-0000-0000-0000-000000000273', '90000000-0000-0000-0000-000000000046', '60000000-0000-0000-0000-000000000004', 2, 65.0000, 0.1600, 'DELIVERED', NULL),
    ('a0000000-0000-0000-0000-000000000274', '90000000-0000-0000-0000-000000000046', '60000000-0000-0000-0000-000000000001', 4, 35.0000, 0.0000, 'DELIVERED', NULL),
    ('a0000000-0000-0000-0000-000000000275', '90000000-0000-0000-0000-000000000046', '60000000-0000-0000-0000-000000000007', 3, 120.0000, 0.1600, 'DELIVERED', NULL),
    ('a0000000-0000-0000-0000-000000000276', '90000000-0000-0000-0000-000000000046', '60000000-0000-0000-0000-000000000003', 4, 22.0000, 0.0000, 'DELIVERED', NULL),
    ('a0000000-0000-0000-0000-000000000277', '90000000-0000-0000-0000-000000000046', '60000000-0000-0000-0000-000000000006', 1, 85.0000, 0.1600, 'DELIVERED', NULL),
    ('a0000000-0000-0000-0000-000000000278', '90000000-0000-0000-0000-000000000046', '60000000-0000-0000-0000-000000000007', 4, 120.0000, 0.1600, 'DELIVERED', NULL),
    ('a0000000-0000-0000-0000-000000000279', '90000000-0000-0000-0000-000000000046', '60000000-0000-0000-0000-000000000003', 4, 22.0000, 0.0000, 'DELIVERED', NULL),
    ('a0000000-0000-0000-0000-000000000280', '90000000-0000-0000-0000-000000000046', '60000000-0000-0000-0000-000000000007', 1, 120.0000, 0.1600, 'DELIVERED', NULL),
    ('a0000000-0000-0000-0000-000000000281', '90000000-0000-0000-0000-000000000047', '60000000-0000-0000-0000-000000000004', 1, 65.0000, 0.1600, 'DELIVERED', NULL),
    ('a0000000-0000-0000-0000-000000000282', '90000000-0000-0000-0000-000000000047', '60000000-0000-0000-0000-000000000007', 1, 120.0000, 0.1600, 'DELIVERED', NULL),
    ('a0000000-0000-0000-0000-000000000283', '90000000-0000-0000-0000-000000000047', '60000000-0000-0000-0000-000000000004', 2, 65.0000, 0.1600, 'DELIVERED', NULL),
    ('a0000000-0000-0000-0000-000000000284', '90000000-0000-0000-0000-000000000048', '60000000-0000-0000-0000-000000000002', 2, 28.0000, 0.1600, 'DELIVERED', NULL),
    ('a0000000-0000-0000-0000-000000000285', '90000000-0000-0000-0000-000000000048', '60000000-0000-0000-0000-000000000005', 2, 75.0000, 0.1600, 'DELIVERED', NULL),
    ('a0000000-0000-0000-0000-000000000286', '90000000-0000-0000-0000-000000000048', '60000000-0000-0000-0000-000000000005', 4, 75.0000, 0.1600, 'DELIVERED', NULL),
    ('a0000000-0000-0000-0000-000000000287', '90000000-0000-0000-0000-000000000048', '60000000-0000-0000-0000-000000000002', 4, 28.0000, 0.1600, 'DELIVERED', NULL),
    ('a0000000-0000-0000-0000-000000000288', '90000000-0000-0000-0000-000000000048', '60000000-0000-0000-0000-000000000002', 2, 28.0000, 0.1600, 'DELIVERED', NULL),
    ('a0000000-0000-0000-0000-000000000289', '90000000-0000-0000-0000-000000000048', '60000000-0000-0000-0000-000000000003', 4, 22.0000, 0.0000, 'DELIVERED', NULL),
    ('a0000000-0000-0000-0000-000000000290', '90000000-0000-0000-0000-000000000048', '60000000-0000-0000-0000-000000000003', 1, 22.0000, 0.0000, 'DELIVERED', NULL),
    ('a0000000-0000-0000-0000-000000000291', '90000000-0000-0000-0000-000000000048', '60000000-0000-0000-0000-000000000007', 4, 120.0000, 0.1600, 'DELIVERED', NULL),
    ('a0000000-0000-0000-0000-000000000292', '90000000-0000-0000-0000-000000000049', '60000000-0000-0000-0000-000000000006', 3, 85.0000, 0.1600, 'DELIVERED', NULL),
    ('a0000000-0000-0000-0000-000000000293', '90000000-0000-0000-0000-000000000049', '60000000-0000-0000-0000-000000000003', 2, 22.0000, 0.0000, 'DELIVERED', NULL),
    ('a0000000-0000-0000-0000-000000000294', '90000000-0000-0000-0000-000000000049', '60000000-0000-0000-0000-000000000004', 4, 65.0000, 0.1600, 'DELIVERED', NULL),
    ('a0000000-0000-0000-0000-000000000295', '90000000-0000-0000-0000-000000000049', '60000000-0000-0000-0000-000000000001', 2, 35.0000, 0.0000, 'DELIVERED', NULL),
    ('a0000000-0000-0000-0000-000000000296', '90000000-0000-0000-0000-000000000049', '60000000-0000-0000-0000-000000000004', 3, 65.0000, 0.1600, 'DELIVERED', NULL),
    ('a0000000-0000-0000-0000-000000000297', '90000000-0000-0000-0000-000000000049', '60000000-0000-0000-0000-000000000005', 3, 75.0000, 0.1600, 'DELIVERED', NULL),
    ('a0000000-0000-0000-0000-000000000298', '90000000-0000-0000-0000-000000000049', '60000000-0000-0000-0000-000000000003', 1, 22.0000, 0.0000, 'DELIVERED', NULL),
    ('a0000000-0000-0000-0000-000000000299', '90000000-0000-0000-0000-000000000049', '60000000-0000-0000-0000-000000000007', 4, 120.0000, 0.1600, 'DELIVERED', NULL),
    ('a0000000-0000-0000-0000-000000000300', '90000000-0000-0000-0000-000000000050', '60000000-0000-0000-0000-000000000005', 3, 75.0000, 0.1600, 'DELIVERED', NULL),
    ('a0000000-0000-0000-0000-000000000301', '90000000-0000-0000-0000-000000000050', '60000000-0000-0000-0000-000000000005', 3, 75.0000, 0.1600, 'DELIVERED', NULL),
    ('a0000000-0000-0000-0000-000000000302', '90000000-0000-0000-0000-000000000050', '60000000-0000-0000-0000-000000000006', 2, 85.0000, 0.1600, 'DELIVERED', NULL),
    ('a0000000-0000-0000-0000-000000000303', '90000000-0000-0000-0000-000000000050', '60000000-0000-0000-0000-000000000006', 1, 85.0000, 0.1600, 'DELIVERED', NULL),
    ('a0000000-0000-0000-0000-000000000304', '90000000-0000-0000-0000-000000000050', '60000000-0000-0000-0000-000000000004', 1, 65.0000, 0.1600, 'DELIVERED', NULL),
    ('a0000000-0000-0000-0000-000000000305', '90000000-0000-0000-0000-000000000051', '60000000-0000-0000-0000-000000000002', 2, 28.0000, 0.1600, 'DELIVERED', NULL),
    ('a0000000-0000-0000-0000-000000000306', '90000000-0000-0000-0000-000000000051', '60000000-0000-0000-0000-000000000003', 3, 22.0000, 0.0000, 'DELIVERED', NULL),
    ('a0000000-0000-0000-0000-000000000307', '90000000-0000-0000-0000-000000000051', '60000000-0000-0000-0000-000000000007', 2, 120.0000, 0.1600, 'DELIVERED', NULL),
    ('a0000000-0000-0000-0000-000000000308', '90000000-0000-0000-0000-000000000051', '60000000-0000-0000-0000-000000000003', 4, 22.0000, 0.0000, 'DELIVERED', NULL),
    ('a0000000-0000-0000-0000-000000000309', '90000000-0000-0000-0000-000000000052', '60000000-0000-0000-0000-000000000007', 3, 120.0000, 0.1600, 'DELIVERED', NULL),
    ('a0000000-0000-0000-0000-000000000310', '90000000-0000-0000-0000-000000000052', '60000000-0000-0000-0000-000000000001', 4, 35.0000, 0.0000, 'DELIVERED', NULL),
    ('a0000000-0000-0000-0000-000000000311', '90000000-0000-0000-0000-000000000052', '60000000-0000-0000-0000-000000000001', 3, 35.0000, 0.0000, 'DELIVERED', NULL),
    ('a0000000-0000-0000-0000-000000000312', '90000000-0000-0000-0000-000000000052', '60000000-0000-0000-0000-000000000005', 1, 75.0000, 0.1600, 'DELIVERED', NULL),
    ('a0000000-0000-0000-0000-000000000313', '90000000-0000-0000-0000-000000000052', '60000000-0000-0000-0000-000000000006', 3, 85.0000, 0.1600, 'DELIVERED', NULL),
    ('a0000000-0000-0000-0000-000000000314', '90000000-0000-0000-0000-000000000052', '60000000-0000-0000-0000-000000000007', 3, 120.0000, 0.1600, 'DELIVERED', NULL),
    ('a0000000-0000-0000-0000-000000000315', '90000000-0000-0000-0000-000000000052', '60000000-0000-0000-0000-000000000001', 2, 35.0000, 0.0000, 'DELIVERED', NULL),
    ('a0000000-0000-0000-0000-000000000316', '90000000-0000-0000-0000-000000000052', '60000000-0000-0000-0000-000000000004', 1, 65.0000, 0.1600, 'DELIVERED', NULL),
    ('a0000000-0000-0000-0000-000000000317', '90000000-0000-0000-0000-000000000053', '60000000-0000-0000-0000-000000000006', 3, 85.0000, 0.1600, 'DELIVERED', NULL),
    ('a0000000-0000-0000-0000-000000000318', '90000000-0000-0000-0000-000000000053', '60000000-0000-0000-0000-000000000001', 2, 35.0000, 0.0000, 'DELIVERED', NULL),
    ('a0000000-0000-0000-0000-000000000319', '90000000-0000-0000-0000-000000000053', '60000000-0000-0000-0000-000000000001', 1, 35.0000, 0.0000, 'DELIVERED', NULL),
    ('a0000000-0000-0000-0000-000000000320', '90000000-0000-0000-0000-000000000053', '60000000-0000-0000-0000-000000000003', 4, 22.0000, 0.0000, 'DELIVERED', NULL),
    ('a0000000-0000-0000-0000-000000000321', '90000000-0000-0000-0000-000000000053', '60000000-0000-0000-0000-000000000001', 1, 35.0000, 0.0000, 'DELIVERED', NULL),
    ('a0000000-0000-0000-0000-000000000322', '90000000-0000-0000-0000-000000000053', '60000000-0000-0000-0000-000000000002', 2, 28.0000, 0.1600, 'DELIVERED', NULL),
    ('a0000000-0000-0000-0000-000000000323', '90000000-0000-0000-0000-000000000053', '60000000-0000-0000-0000-000000000003', 4, 22.0000, 0.0000, 'DELIVERED', NULL),
    ('a0000000-0000-0000-0000-000000000324', '90000000-0000-0000-0000-000000000053', '60000000-0000-0000-0000-000000000005', 2, 75.0000, 0.1600, 'DELIVERED', NULL),
    ('a0000000-0000-0000-0000-000000000325', '90000000-0000-0000-0000-000000000053', '60000000-0000-0000-0000-000000000006', 1, 85.0000, 0.1600, 'DELIVERED', NULL),
    ('a0000000-0000-0000-0000-000000000326', '90000000-0000-0000-0000-000000000054', '60000000-0000-0000-0000-000000000007', 3, 120.0000, 0.1600, 'DELIVERED', NULL),
    ('a0000000-0000-0000-0000-000000000327', '90000000-0000-0000-0000-000000000054', '60000000-0000-0000-0000-000000000001', 3, 35.0000, 0.0000, 'DELIVERED', NULL),
    ('a0000000-0000-0000-0000-000000000328', '90000000-0000-0000-0000-000000000054', '60000000-0000-0000-0000-000000000005', 3, 75.0000, 0.1600, 'DELIVERED', NULL),
    ('a0000000-0000-0000-0000-000000000329', '90000000-0000-0000-0000-000000000054', '60000000-0000-0000-0000-000000000002', 1, 28.0000, 0.1600, 'DELIVERED', NULL),
    ('a0000000-0000-0000-0000-000000000330', '90000000-0000-0000-0000-000000000054', '60000000-0000-0000-0000-000000000007', 4, 120.0000, 0.1600, 'DELIVERED', NULL),
    ('a0000000-0000-0000-0000-000000000331', '90000000-0000-0000-0000-000000000055', '60000000-0000-0000-0000-000000000002', 2, 28.0000, 0.1600, 'DELIVERED', NULL),
    ('a0000000-0000-0000-0000-000000000332', '90000000-0000-0000-0000-000000000055', '60000000-0000-0000-0000-000000000002', 1, 28.0000, 0.1600, 'DELIVERED', NULL),
    ('a0000000-0000-0000-0000-000000000333', '90000000-0000-0000-0000-000000000055', '60000000-0000-0000-0000-000000000005', 2, 75.0000, 0.1600, 'DELIVERED', NULL),
    ('a0000000-0000-0000-0000-000000000334', '90000000-0000-0000-0000-000000000055', '60000000-0000-0000-0000-000000000007', 2, 120.0000, 0.1600, 'DELIVERED', NULL),
    ('a0000000-0000-0000-0000-000000000335', '90000000-0000-0000-0000-000000000055', '60000000-0000-0000-0000-000000000003', 2, 22.0000, 0.0000, 'DELIVERED', NULL),
    ('a0000000-0000-0000-0000-000000000336', '90000000-0000-0000-0000-000000000055', '60000000-0000-0000-0000-000000000007', 1, 120.0000, 0.1600, 'DELIVERED', NULL),
    ('a0000000-0000-0000-0000-000000000337', '90000000-0000-0000-0000-000000000055', '60000000-0000-0000-0000-000000000003', 2, 22.0000, 0.0000, 'DELIVERED', NULL),
    ('a0000000-0000-0000-0000-000000000338', '90000000-0000-0000-0000-000000000056', '60000000-0000-0000-0000-000000000001', 3, 35.0000, 0.0000, 'DELIVERED', NULL),
    ('a0000000-0000-0000-0000-000000000339', '90000000-0000-0000-0000-000000000056', '60000000-0000-0000-0000-000000000007', 2, 120.0000, 0.1600, 'DELIVERED', NULL),
    ('a0000000-0000-0000-0000-000000000340', '90000000-0000-0000-0000-000000000056', '60000000-0000-0000-0000-000000000005', 3, 75.0000, 0.1600, 'DELIVERED', NULL),
    ('a0000000-0000-0000-0000-000000000341', '90000000-0000-0000-0000-000000000056', '60000000-0000-0000-0000-000000000001', 2, 35.0000, 0.0000, 'DELIVERED', NULL),
    ('a0000000-0000-0000-0000-000000000342', '90000000-0000-0000-0000-000000000057', '60000000-0000-0000-0000-000000000005', 1, 75.0000, 0.1600, 'CANCELLED', NULL),
    ('a0000000-0000-0000-0000-000000000343', '90000000-0000-0000-0000-000000000057', '60000000-0000-0000-0000-000000000004', 2, 65.0000, 0.1600, 'CANCELLED', NULL),
    ('a0000000-0000-0000-0000-000000000344', '90000000-0000-0000-0000-000000000057', '60000000-0000-0000-0000-000000000005', 1, 75.0000, 0.1600, 'CANCELLED', NULL),
    ('a0000000-0000-0000-0000-000000000345', '90000000-0000-0000-0000-000000000057', '60000000-0000-0000-0000-000000000006', 3, 85.0000, 0.1600, 'CANCELLED', NULL),
    ('a0000000-0000-0000-0000-000000000346', '90000000-0000-0000-0000-000000000057', '60000000-0000-0000-0000-000000000004', 1, 65.0000, 0.1600, 'CANCELLED', NULL),
    ('a0000000-0000-0000-0000-000000000347', '90000000-0000-0000-0000-000000000057', '60000000-0000-0000-0000-000000000001', 4, 35.0000, 0.0000, 'CANCELLED', NULL),
    ('a0000000-0000-0000-0000-000000000348', '90000000-0000-0000-0000-000000000057', '60000000-0000-0000-0000-000000000007', 4, 120.0000, 0.1600, 'CANCELLED', NULL),
    ('a0000000-0000-0000-0000-000000000349', '90000000-0000-0000-0000-000000000058', '60000000-0000-0000-0000-000000000003', 2, 22.0000, 0.0000, 'DELIVERED', NULL),
    ('a0000000-0000-0000-0000-000000000350', '90000000-0000-0000-0000-000000000058', '60000000-0000-0000-0000-000000000001', 2, 35.0000, 0.0000, 'DELIVERED', NULL),
    ('a0000000-0000-0000-0000-000000000351', '90000000-0000-0000-0000-000000000058', '60000000-0000-0000-0000-000000000003', 3, 22.0000, 0.0000, 'DELIVERED', NULL),
    ('a0000000-0000-0000-0000-000000000352', '90000000-0000-0000-0000-000000000059', '60000000-0000-0000-0000-000000000007', 2, 120.0000, 0.1600, 'DELIVERED', NULL),
    ('a0000000-0000-0000-0000-000000000353', '90000000-0000-0000-0000-000000000059', '60000000-0000-0000-0000-000000000004', 4, 65.0000, 0.1600, 'DELIVERED', NULL),
    ('a0000000-0000-0000-0000-000000000354', '90000000-0000-0000-0000-000000000059', '60000000-0000-0000-0000-000000000002', 4, 28.0000, 0.1600, 'DELIVERED', NULL),
    ('a0000000-0000-0000-0000-000000000355', '90000000-0000-0000-0000-000000000060', '60000000-0000-0000-0000-000000000006', 3, 85.0000, 0.1600, 'CANCELLED', NULL),
    ('a0000000-0000-0000-0000-000000000356', '90000000-0000-0000-0000-000000000060', '60000000-0000-0000-0000-000000000003', 2, 22.0000, 0.0000, 'CANCELLED', NULL),
    ('a0000000-0000-0000-0000-000000000357', '90000000-0000-0000-0000-000000000060', '60000000-0000-0000-0000-000000000006', 4, 85.0000, 0.1600, 'CANCELLED', NULL),
    ('a0000000-0000-0000-0000-000000000358', '90000000-0000-0000-0000-000000000060', '60000000-0000-0000-0000-000000000001', 1, 35.0000, 0.0000, 'CANCELLED', NULL),
    ('a0000000-0000-0000-0000-000000000359', '90000000-0000-0000-0000-000000000060', '60000000-0000-0000-0000-000000000007', 1, 120.0000, 0.1600, 'CANCELLED', NULL),
    ('a0000000-0000-0000-0000-000000000360', '90000000-0000-0000-0000-000000000060', '60000000-0000-0000-0000-000000000001', 4, 35.0000, 0.0000, 'CANCELLED', NULL),
    ('a0000000-0000-0000-0000-000000000361', '90000000-0000-0000-0000-000000000060', '60000000-0000-0000-0000-000000000001', 3, 35.0000, 0.0000, 'CANCELLED', NULL),
    ('a0000000-0000-0000-0000-000000000362', '90000000-0000-0000-0000-000000000061', '60000000-0000-0000-0000-000000000004', 3, 65.0000, 0.1600, 'DELIVERED', NULL),
    ('a0000000-0000-0000-0000-000000000363', '90000000-0000-0000-0000-000000000061', '60000000-0000-0000-0000-000000000007', 4, 120.0000, 0.1600, 'DELIVERED', NULL),
    ('a0000000-0000-0000-0000-000000000364', '90000000-0000-0000-0000-000000000061', '60000000-0000-0000-0000-000000000007', 1, 120.0000, 0.1600, 'DELIVERED', NULL),
    ('a0000000-0000-0000-0000-000000000365', '90000000-0000-0000-0000-000000000062', '60000000-0000-0000-0000-000000000002', 1, 28.0000, 0.1600, 'DELIVERED', NULL),
    ('a0000000-0000-0000-0000-000000000366', '90000000-0000-0000-0000-000000000062', '60000000-0000-0000-0000-000000000005', 3, 75.0000, 0.1600, 'DELIVERED', NULL),
    ('a0000000-0000-0000-0000-000000000367', '90000000-0000-0000-0000-000000000062', '60000000-0000-0000-0000-000000000005', 2, 75.0000, 0.1600, 'DELIVERED', NULL),
    ('a0000000-0000-0000-0000-000000000368', '90000000-0000-0000-0000-000000000062', '60000000-0000-0000-0000-000000000007', 1, 120.0000, 0.1600, 'DELIVERED', NULL),
    ('a0000000-0000-0000-0000-000000000369', '90000000-0000-0000-0000-000000000062', '60000000-0000-0000-0000-000000000005', 3, 75.0000, 0.1600, 'DELIVERED', NULL),
    ('a0000000-0000-0000-0000-000000000370', '90000000-0000-0000-0000-000000000062', '60000000-0000-0000-0000-000000000006', 3, 85.0000, 0.1600, 'DELIVERED', NULL),
    ('a0000000-0000-0000-0000-000000000371', '90000000-0000-0000-0000-000000000062', '60000000-0000-0000-0000-000000000003', 1, 22.0000, 0.0000, 'DELIVERED', NULL),
    ('a0000000-0000-0000-0000-000000000372', '90000000-0000-0000-0000-000000000062', '60000000-0000-0000-0000-000000000002', 2, 28.0000, 0.1600, 'DELIVERED', NULL),
    ('a0000000-0000-0000-0000-000000000373', '90000000-0000-0000-0000-000000000062', '60000000-0000-0000-0000-000000000004', 1, 65.0000, 0.1600, 'DELIVERED', NULL),
    ('a0000000-0000-0000-0000-000000000374', '90000000-0000-0000-0000-000000000063', '60000000-0000-0000-0000-000000000003', 2, 22.0000, 0.0000, 'DELIVERED', NULL),
    ('a0000000-0000-0000-0000-000000000375', '90000000-0000-0000-0000-000000000063', '60000000-0000-0000-0000-000000000003', 3, 22.0000, 0.0000, 'DELIVERED', NULL),
    ('a0000000-0000-0000-0000-000000000376', '90000000-0000-0000-0000-000000000063', '60000000-0000-0000-0000-000000000006', 3, 85.0000, 0.1600, 'DELIVERED', NULL),
    ('a0000000-0000-0000-0000-000000000377', '90000000-0000-0000-0000-000000000063', '60000000-0000-0000-0000-000000000005', 1, 75.0000, 0.1600, 'DELIVERED', NULL),
    ('a0000000-0000-0000-0000-000000000378', '90000000-0000-0000-0000-000000000063', '60000000-0000-0000-0000-000000000002', 2, 28.0000, 0.1600, 'DELIVERED', NULL),
    ('a0000000-0000-0000-0000-000000000379', '90000000-0000-0000-0000-000000000063', '60000000-0000-0000-0000-000000000001', 1, 35.0000, 0.0000, 'DELIVERED', NULL),
    ('a0000000-0000-0000-0000-000000000380', '90000000-0000-0000-0000-000000000063', '60000000-0000-0000-0000-000000000003', 4, 22.0000, 0.0000, 'DELIVERED', NULL),
    ('a0000000-0000-0000-0000-000000000381', '90000000-0000-0000-0000-000000000063', '60000000-0000-0000-0000-000000000006', 4, 85.0000, 0.1600, 'DELIVERED', NULL),
    ('a0000000-0000-0000-0000-000000000382', '90000000-0000-0000-0000-000000000063', '60000000-0000-0000-0000-000000000004', 4, 65.0000, 0.1600, 'DELIVERED', NULL),
    ('a0000000-0000-0000-0000-000000000383', '90000000-0000-0000-0000-000000000064', '60000000-0000-0000-0000-000000000005', 3, 75.0000, 0.1600, 'DELIVERED', NULL),
    ('a0000000-0000-0000-0000-000000000384', '90000000-0000-0000-0000-000000000064', '60000000-0000-0000-0000-000000000005', 1, 75.0000, 0.1600, 'DELIVERED', NULL),
    ('a0000000-0000-0000-0000-000000000385', '90000000-0000-0000-0000-000000000064', '60000000-0000-0000-0000-000000000002', 2, 28.0000, 0.1600, 'DELIVERED', NULL),
    ('a0000000-0000-0000-0000-000000000386', '90000000-0000-0000-0000-000000000064', '60000000-0000-0000-0000-000000000003', 3, 22.0000, 0.0000, 'DELIVERED', NULL),
    ('a0000000-0000-0000-0000-000000000387', '90000000-0000-0000-0000-000000000064', '60000000-0000-0000-0000-000000000001', 1, 35.0000, 0.0000, 'DELIVERED', NULL),
    ('a0000000-0000-0000-0000-000000000388', '90000000-0000-0000-0000-000000000064', '60000000-0000-0000-0000-000000000004', 4, 65.0000, 0.1600, 'DELIVERED', NULL),
    ('a0000000-0000-0000-0000-000000000389', '90000000-0000-0000-0000-000000000064', '60000000-0000-0000-0000-000000000002', 2, 28.0000, 0.1600, 'DELIVERED', NULL),
    ('a0000000-0000-0000-0000-000000000390', '90000000-0000-0000-0000-000000000064', '60000000-0000-0000-0000-000000000006', 2, 85.0000, 0.1600, 'DELIVERED', NULL),
    ('a0000000-0000-0000-0000-000000000391', '90000000-0000-0000-0000-000000000064', '60000000-0000-0000-0000-000000000007', 3, 120.0000, 0.1600, 'DELIVERED', NULL),
    ('a0000000-0000-0000-0000-000000000392', '90000000-0000-0000-0000-000000000065', '60000000-0000-0000-0000-000000000005', 4, 75.0000, 0.1600, 'CANCELLED', NULL),
    ('a0000000-0000-0000-0000-000000000393', '90000000-0000-0000-0000-000000000065', '60000000-0000-0000-0000-000000000005', 4, 75.0000, 0.1600, 'CANCELLED', NULL),
    ('a0000000-0000-0000-0000-000000000394', '90000000-0000-0000-0000-000000000065', '60000000-0000-0000-0000-000000000006', 4, 85.0000, 0.1600, 'CANCELLED', NULL),
    ('a0000000-0000-0000-0000-000000000395', '90000000-0000-0000-0000-000000000065', '60000000-0000-0000-0000-000000000003', 1, 22.0000, 0.0000, 'CANCELLED', NULL),
    ('a0000000-0000-0000-0000-000000000396', '90000000-0000-0000-0000-000000000065', '60000000-0000-0000-0000-000000000004', 1, 65.0000, 0.1600, 'CANCELLED', NULL),
    ('a0000000-0000-0000-0000-000000000397', '90000000-0000-0000-0000-000000000065', '60000000-0000-0000-0000-000000000003', 2, 22.0000, 0.0000, 'CANCELLED', NULL),
    ('a0000000-0000-0000-0000-000000000398', '90000000-0000-0000-0000-000000000065', '60000000-0000-0000-0000-000000000007', 4, 120.0000, 0.1600, 'CANCELLED', NULL),
    ('a0000000-0000-0000-0000-000000000399', '90000000-0000-0000-0000-000000000066', '60000000-0000-0000-0000-000000000001', 4, 35.0000, 0.0000, 'DELIVERED', NULL),
    ('a0000000-0000-0000-0000-000000000400', '90000000-0000-0000-0000-000000000066', '60000000-0000-0000-0000-000000000007', 3, 120.0000, 0.1600, 'DELIVERED', NULL),
    ('a0000000-0000-0000-0000-000000000401', '90000000-0000-0000-0000-000000000066', '60000000-0000-0000-0000-000000000006', 3, 85.0000, 0.1600, 'DELIVERED', NULL),
    ('a0000000-0000-0000-0000-000000000402', '90000000-0000-0000-0000-000000000066', '60000000-0000-0000-0000-000000000001', 1, 35.0000, 0.0000, 'DELIVERED', NULL),
    ('a0000000-0000-0000-0000-000000000403', '90000000-0000-0000-0000-000000000066', '60000000-0000-0000-0000-000000000005', 2, 75.0000, 0.1600, 'DELIVERED', NULL),
    ('a0000000-0000-0000-0000-000000000404', '90000000-0000-0000-0000-000000000066', '60000000-0000-0000-0000-000000000003', 3, 22.0000, 0.0000, 'DELIVERED', NULL),
    ('a0000000-0000-0000-0000-000000000405', '90000000-0000-0000-0000-000000000066', '60000000-0000-0000-0000-000000000006', 2, 85.0000, 0.1600, 'DELIVERED', NULL),
    ('a0000000-0000-0000-0000-000000000406', '90000000-0000-0000-0000-000000000066', '60000000-0000-0000-0000-000000000003', 2, 22.0000, 0.0000, 'DELIVERED', NULL),
    ('a0000000-0000-0000-0000-000000000407', '90000000-0000-0000-0000-000000000066', '60000000-0000-0000-0000-000000000002', 2, 28.0000, 0.1600, 'DELIVERED', NULL),
    ('a0000000-0000-0000-0000-000000000408', '90000000-0000-0000-0000-000000000066', '60000000-0000-0000-0000-000000000006', 1, 85.0000, 0.1600, 'DELIVERED', NULL),
    ('a0000000-0000-0000-0000-000000000409', '90000000-0000-0000-0000-000000000067', '60000000-0000-0000-0000-000000000007', 3, 120.0000, 0.1600, 'DELIVERED', NULL),
    ('a0000000-0000-0000-0000-000000000410', '90000000-0000-0000-0000-000000000067', '60000000-0000-0000-0000-000000000002', 4, 28.0000, 0.1600, 'DELIVERED', NULL),
    ('a0000000-0000-0000-0000-000000000411', '90000000-0000-0000-0000-000000000067', '60000000-0000-0000-0000-000000000006', 3, 85.0000, 0.1600, 'DELIVERED', NULL),
    ('a0000000-0000-0000-0000-000000000412', '90000000-0000-0000-0000-000000000067', '60000000-0000-0000-0000-000000000005', 1, 75.0000, 0.1600, 'DELIVERED', NULL),
    ('a0000000-0000-0000-0000-000000000413', '90000000-0000-0000-0000-000000000067', '60000000-0000-0000-0000-000000000001', 3, 35.0000, 0.0000, 'DELIVERED', NULL),
    ('a0000000-0000-0000-0000-000000000414', '90000000-0000-0000-0000-000000000067', '60000000-0000-0000-0000-000000000004', 4, 65.0000, 0.1600, 'DELIVERED', NULL),
    ('a0000000-0000-0000-0000-000000000415', '90000000-0000-0000-0000-000000000067', '60000000-0000-0000-0000-000000000001', 1, 35.0000, 0.0000, 'DELIVERED', NULL),
    ('a0000000-0000-0000-0000-000000000416', '90000000-0000-0000-0000-000000000068', '60000000-0000-0000-0000-000000000004', 4, 65.0000, 0.1600, 'DELIVERED', NULL),
    ('a0000000-0000-0000-0000-000000000417', '90000000-0000-0000-0000-000000000068', '60000000-0000-0000-0000-000000000005', 1, 75.0000, 0.1600, 'DELIVERED', NULL),
    ('a0000000-0000-0000-0000-000000000418', '90000000-0000-0000-0000-000000000068', '60000000-0000-0000-0000-000000000007', 2, 120.0000, 0.1600, 'DELIVERED', NULL),
    ('a0000000-0000-0000-0000-000000000419', '90000000-0000-0000-0000-000000000068', '60000000-0000-0000-0000-000000000003', 4, 22.0000, 0.0000, 'DELIVERED', NULL),
    ('a0000000-0000-0000-0000-000000000420', '90000000-0000-0000-0000-000000000068', '60000000-0000-0000-0000-000000000005', 2, 75.0000, 0.1600, 'DELIVERED', NULL),
    ('a0000000-0000-0000-0000-000000000421', '90000000-0000-0000-0000-000000000068', '60000000-0000-0000-0000-000000000004', 1, 65.0000, 0.1600, 'DELIVERED', NULL),
    ('a0000000-0000-0000-0000-000000000422', '90000000-0000-0000-0000-000000000068', '60000000-0000-0000-0000-000000000007', 3, 120.0000, 0.1600, 'DELIVERED', NULL),
    ('a0000000-0000-0000-0000-000000000423', '90000000-0000-0000-0000-000000000068', '60000000-0000-0000-0000-000000000006', 1, 85.0000, 0.1600, 'DELIVERED', NULL),
    ('a0000000-0000-0000-0000-000000000424', '90000000-0000-0000-0000-000000000068', '60000000-0000-0000-0000-000000000002', 1, 28.0000, 0.1600, 'DELIVERED', NULL),
    ('a0000000-0000-0000-0000-000000000425', '90000000-0000-0000-0000-000000000068', '60000000-0000-0000-0000-000000000004', 2, 65.0000, 0.1600, 'DELIVERED', NULL),
    ('a0000000-0000-0000-0000-000000000426', '90000000-0000-0000-0000-000000000069', '60000000-0000-0000-0000-000000000007', 3, 120.0000, 0.1600, 'DELIVERED', NULL),
    ('a0000000-0000-0000-0000-000000000427', '90000000-0000-0000-0000-000000000069', '60000000-0000-0000-0000-000000000001', 3, 35.0000, 0.0000, 'DELIVERED', NULL),
    ('a0000000-0000-0000-0000-000000000428', '90000000-0000-0000-0000-000000000070', '60000000-0000-0000-0000-000000000003', 1, 22.0000, 0.0000, 'DELIVERED', NULL),
    ('a0000000-0000-0000-0000-000000000429', '90000000-0000-0000-0000-000000000070', '60000000-0000-0000-0000-000000000005', 2, 75.0000, 0.1600, 'DELIVERED', NULL),
    ('a0000000-0000-0000-0000-000000000430', '90000000-0000-0000-0000-000000000070', '60000000-0000-0000-0000-000000000003', 4, 22.0000, 0.0000, 'DELIVERED', NULL),
    ('a0000000-0000-0000-0000-000000000431', '90000000-0000-0000-0000-000000000070', '60000000-0000-0000-0000-000000000002', 1, 28.0000, 0.1600, 'DELIVERED', NULL),
    ('a0000000-0000-0000-0000-000000000432', '90000000-0000-0000-0000-000000000071', '60000000-0000-0000-0000-000000000001', 4, 35.0000, 0.0000, 'DELIVERED', NULL),
    ('a0000000-0000-0000-0000-000000000433', '90000000-0000-0000-0000-000000000071', '60000000-0000-0000-0000-000000000005', 3, 75.0000, 0.1600, 'DELIVERED', NULL),
    ('a0000000-0000-0000-0000-000000000434', '90000000-0000-0000-0000-000000000071', '60000000-0000-0000-0000-000000000002', 2, 28.0000, 0.1600, 'DELIVERED', NULL),
    ('a0000000-0000-0000-0000-000000000435', '90000000-0000-0000-0000-000000000071', '60000000-0000-0000-0000-000000000007', 4, 120.0000, 0.1600, 'DELIVERED', NULL),
    ('a0000000-0000-0000-0000-000000000436', '90000000-0000-0000-0000-000000000071', '60000000-0000-0000-0000-000000000002', 2, 28.0000, 0.1600, 'DELIVERED', NULL),
    ('a0000000-0000-0000-0000-000000000437', '90000000-0000-0000-0000-000000000071', '60000000-0000-0000-0000-000000000002', 1, 28.0000, 0.1600, 'DELIVERED', NULL),
    ('a0000000-0000-0000-0000-000000000438', '90000000-0000-0000-0000-000000000071', '60000000-0000-0000-0000-000000000005', 1, 75.0000, 0.1600, 'DELIVERED', NULL),
    ('a0000000-0000-0000-0000-000000000439', '90000000-0000-0000-0000-000000000071', '60000000-0000-0000-0000-000000000007', 2, 120.0000, 0.1600, 'DELIVERED', NULL),
    ('a0000000-0000-0000-0000-000000000440', '90000000-0000-0000-0000-000000000071', '60000000-0000-0000-0000-000000000005', 4, 75.0000, 0.1600, 'DELIVERED', NULL),
    ('a0000000-0000-0000-0000-000000000441', '90000000-0000-0000-0000-000000000071', '60000000-0000-0000-0000-000000000007', 2, 120.0000, 0.1600, 'DELIVERED', NULL),
    ('a0000000-0000-0000-0000-000000000442', '90000000-0000-0000-0000-000000000072', '60000000-0000-0000-0000-000000000007', 4, 120.0000, 0.1600, 'DELIVERED', NULL),
    ('a0000000-0000-0000-0000-000000000443', '90000000-0000-0000-0000-000000000072', '60000000-0000-0000-0000-000000000002', 2, 28.0000, 0.1600, 'DELIVERED', NULL),
    ('a0000000-0000-0000-0000-000000000444', '90000000-0000-0000-0000-000000000072', '60000000-0000-0000-0000-000000000007', 4, 120.0000, 0.1600, 'DELIVERED', NULL),
    ('a0000000-0000-0000-0000-000000000445', '90000000-0000-0000-0000-000000000072', '60000000-0000-0000-0000-000000000007', 2, 120.0000, 0.1600, 'DELIVERED', NULL),
    ('a0000000-0000-0000-0000-000000000446', '90000000-0000-0000-0000-000000000072', '60000000-0000-0000-0000-000000000003', 4, 22.0000, 0.0000, 'DELIVERED', NULL),
    ('a0000000-0000-0000-0000-000000000447', '90000000-0000-0000-0000-000000000072', '60000000-0000-0000-0000-000000000004', 3, 65.0000, 0.1600, 'DELIVERED', NULL),
    ('a0000000-0000-0000-0000-000000000448', '90000000-0000-0000-0000-000000000073', '60000000-0000-0000-0000-000000000001', 4, 35.0000, 0.0000, 'DELIVERED', NULL),
    ('a0000000-0000-0000-0000-000000000449', '90000000-0000-0000-0000-000000000073', '60000000-0000-0000-0000-000000000007', 3, 120.0000, 0.1600, 'DELIVERED', NULL),
    ('a0000000-0000-0000-0000-000000000450', '90000000-0000-0000-0000-000000000073', '60000000-0000-0000-0000-000000000005', 1, 75.0000, 0.1600, 'DELIVERED', NULL),
    ('a0000000-0000-0000-0000-000000000451', '90000000-0000-0000-0000-000000000073', '60000000-0000-0000-0000-000000000005', 1, 75.0000, 0.1600, 'DELIVERED', NULL),
    ('a0000000-0000-0000-0000-000000000452', '90000000-0000-0000-0000-000000000073', '60000000-0000-0000-0000-000000000003', 4, 22.0000, 0.0000, 'DELIVERED', NULL),
    ('a0000000-0000-0000-0000-000000000453', '90000000-0000-0000-0000-000000000073', '60000000-0000-0000-0000-000000000005', 2, 75.0000, 0.1600, 'DELIVERED', NULL),
    ('a0000000-0000-0000-0000-000000000454', '90000000-0000-0000-0000-000000000074', '60000000-0000-0000-0000-000000000004', 3, 65.0000, 0.1600, 'DELIVERED', NULL),
    ('a0000000-0000-0000-0000-000000000455', '90000000-0000-0000-0000-000000000074', '60000000-0000-0000-0000-000000000002', 4, 28.0000, 0.1600, 'DELIVERED', NULL),
    ('a0000000-0000-0000-0000-000000000456', '90000000-0000-0000-0000-000000000075', '60000000-0000-0000-0000-000000000002', 1, 28.0000, 0.1600, 'DELIVERED', NULL),
    ('a0000000-0000-0000-0000-000000000457', '90000000-0000-0000-0000-000000000075', '60000000-0000-0000-0000-000000000006', 2, 85.0000, 0.1600, 'DELIVERED', NULL),
    ('a0000000-0000-0000-0000-000000000458', '90000000-0000-0000-0000-000000000075', '60000000-0000-0000-0000-000000000004', 4, 65.0000, 0.1600, 'DELIVERED', NULL),
    ('a0000000-0000-0000-0000-000000000459', '90000000-0000-0000-0000-000000000075', '60000000-0000-0000-0000-000000000005', 1, 75.0000, 0.1600, 'DELIVERED', NULL),
    ('a0000000-0000-0000-0000-000000000460', '90000000-0000-0000-0000-000000000076', '60000000-0000-0000-0000-000000000001', 3, 35.0000, 0.0000, 'DELIVERED', NULL),
    ('a0000000-0000-0000-0000-000000000461', '90000000-0000-0000-0000-000000000076', '60000000-0000-0000-0000-000000000002', 3, 28.0000, 0.1600, 'DELIVERED', NULL),
    ('a0000000-0000-0000-0000-000000000462', '90000000-0000-0000-0000-000000000076', '60000000-0000-0000-0000-000000000004', 4, 65.0000, 0.1600, 'DELIVERED', NULL),
    ('a0000000-0000-0000-0000-000000000463', '90000000-0000-0000-0000-000000000076', '60000000-0000-0000-0000-000000000001', 1, 35.0000, 0.0000, 'DELIVERED', NULL),
    ('a0000000-0000-0000-0000-000000000464', '90000000-0000-0000-0000-000000000076', '60000000-0000-0000-0000-000000000007', 4, 120.0000, 0.1600, 'DELIVERED', NULL),
    ('a0000000-0000-0000-0000-000000000465', '90000000-0000-0000-0000-000000000076', '60000000-0000-0000-0000-000000000005', 1, 75.0000, 0.1600, 'DELIVERED', NULL),
    ('a0000000-0000-0000-0000-000000000466', '90000000-0000-0000-0000-000000000076', '60000000-0000-0000-0000-000000000005', 2, 75.0000, 0.1600, 'DELIVERED', NULL),
    ('a0000000-0000-0000-0000-000000000467', '90000000-0000-0000-0000-000000000076', '60000000-0000-0000-0000-000000000003', 4, 22.0000, 0.0000, 'DELIVERED', NULL),
    ('a0000000-0000-0000-0000-000000000468', '90000000-0000-0000-0000-000000000077', '60000000-0000-0000-0000-000000000005', 3, 75.0000, 0.1600, 'DELIVERED', NULL),
    ('a0000000-0000-0000-0000-000000000469', '90000000-0000-0000-0000-000000000077', '60000000-0000-0000-0000-000000000004', 4, 65.0000, 0.1600, 'DELIVERED', NULL),
    ('a0000000-0000-0000-0000-000000000470', '90000000-0000-0000-0000-000000000077', '60000000-0000-0000-0000-000000000001', 4, 35.0000, 0.0000, 'DELIVERED', NULL),
    ('a0000000-0000-0000-0000-000000000471', '90000000-0000-0000-0000-000000000078', '60000000-0000-0000-0000-000000000007', 3, 120.0000, 0.1600, 'DELIVERED', NULL),
    ('a0000000-0000-0000-0000-000000000472', '90000000-0000-0000-0000-000000000078', '60000000-0000-0000-0000-000000000002', 1, 28.0000, 0.1600, 'DELIVERED', NULL),
    ('a0000000-0000-0000-0000-000000000473', '90000000-0000-0000-0000-000000000078', '60000000-0000-0000-0000-000000000003', 2, 22.0000, 0.0000, 'DELIVERED', NULL),
    ('a0000000-0000-0000-0000-000000000474', '90000000-0000-0000-0000-000000000079', '60000000-0000-0000-0000-000000000001', 3, 35.0000, 0.0000, 'DELIVERED', NULL),
    ('a0000000-0000-0000-0000-000000000475', '90000000-0000-0000-0000-000000000079', '60000000-0000-0000-0000-000000000002', 1, 28.0000, 0.1600, 'DELIVERED', NULL),
    ('a0000000-0000-0000-0000-000000000476', '90000000-0000-0000-0000-000000000079', '60000000-0000-0000-0000-000000000001', 3, 35.0000, 0.0000, 'DELIVERED', NULL),
    ('a0000000-0000-0000-0000-000000000477', '90000000-0000-0000-0000-000000000079', '60000000-0000-0000-0000-000000000003', 4, 22.0000, 0.0000, 'DELIVERED', NULL),
    ('a0000000-0000-0000-0000-000000000478', '90000000-0000-0000-0000-000000000079', '60000000-0000-0000-0000-000000000007', 4, 120.0000, 0.1600, 'DELIVERED', NULL),
    ('a0000000-0000-0000-0000-000000000479', '90000000-0000-0000-0000-000000000079', '60000000-0000-0000-0000-000000000003', 1, 22.0000, 0.0000, 'DELIVERED', NULL),
    ('a0000000-0000-0000-0000-000000000480', '90000000-0000-0000-0000-000000000079', '60000000-0000-0000-0000-000000000007', 2, 120.0000, 0.1600, 'DELIVERED', NULL),
    ('a0000000-0000-0000-0000-000000000481', '90000000-0000-0000-0000-000000000079', '60000000-0000-0000-0000-000000000003', 3, 22.0000, 0.0000, 'DELIVERED', NULL),
    ('a0000000-0000-0000-0000-000000000482', '90000000-0000-0000-0000-000000000079', '60000000-0000-0000-0000-000000000007', 1, 120.0000, 0.1600, 'DELIVERED', NULL),
    ('a0000000-0000-0000-0000-000000000483', '90000000-0000-0000-0000-000000000080', '60000000-0000-0000-0000-000000000003', 2, 22.0000, 0.0000, 'DELIVERED', NULL),
    ('a0000000-0000-0000-0000-000000000484', '90000000-0000-0000-0000-000000000080', '60000000-0000-0000-0000-000000000004', 4, 65.0000, 0.1600, 'DELIVERED', NULL),
    ('a0000000-0000-0000-0000-000000000485', '90000000-0000-0000-0000-000000000080', '60000000-0000-0000-0000-000000000003', 3, 22.0000, 0.0000, 'DELIVERED', NULL),
    ('a0000000-0000-0000-0000-000000000486', '90000000-0000-0000-0000-000000000080', '60000000-0000-0000-0000-000000000007', 1, 120.0000, 0.1600, 'DELIVERED', NULL),
    ('a0000000-0000-0000-0000-000000000487', '90000000-0000-0000-0000-000000000080', '60000000-0000-0000-0000-000000000006', 4, 85.0000, 0.1600, 'DELIVERED', NULL),
    ('a0000000-0000-0000-0000-000000000488', '90000000-0000-0000-0000-000000000080', '60000000-0000-0000-0000-000000000005', 3, 75.0000, 0.1600, 'DELIVERED', NULL),
    ('a0000000-0000-0000-0000-000000000489', '90000000-0000-0000-0000-000000000080', '60000000-0000-0000-0000-000000000001', 3, 35.0000, 0.0000, 'DELIVERED', NULL),
    ('a0000000-0000-0000-0000-000000000490', '90000000-0000-0000-0000-000000000080', '60000000-0000-0000-0000-000000000006', 3, 85.0000, 0.1600, 'DELIVERED', NULL),
    ('a0000000-0000-0000-0000-000000000491', '90000000-0000-0000-0000-000000000081', '60000000-0000-0000-0000-000000000005', 4, 75.0000, 0.1600, 'DELIVERED', NULL),
    ('a0000000-0000-0000-0000-000000000492', '90000000-0000-0000-0000-000000000081', '60000000-0000-0000-0000-000000000001', 4, 35.0000, 0.0000, 'DELIVERED', NULL),
    ('a0000000-0000-0000-0000-000000000493', '90000000-0000-0000-0000-000000000081', '60000000-0000-0000-0000-000000000003', 2, 22.0000, 0.0000, 'DELIVERED', NULL),
    ('a0000000-0000-0000-0000-000000000494', '90000000-0000-0000-0000-000000000081', '60000000-0000-0000-0000-000000000001', 2, 35.0000, 0.0000, 'DELIVERED', NULL),
    ('a0000000-0000-0000-0000-000000000495', '90000000-0000-0000-0000-000000000081', '60000000-0000-0000-0000-000000000007', 4, 120.0000, 0.1600, 'DELIVERED', NULL),
    ('a0000000-0000-0000-0000-000000000496', '90000000-0000-0000-0000-000000000081', '60000000-0000-0000-0000-000000000001', 2, 35.0000, 0.0000, 'DELIVERED', NULL),
    ('a0000000-0000-0000-0000-000000000497', '90000000-0000-0000-0000-000000000081', '60000000-0000-0000-0000-000000000001', 2, 35.0000, 0.0000, 'DELIVERED', NULL),
    ('a0000000-0000-0000-0000-000000000498', '90000000-0000-0000-0000-000000000082', '60000000-0000-0000-0000-000000000003', 3, 22.0000, 0.0000, 'CANCELLED', NULL),
    ('a0000000-0000-0000-0000-000000000499', '90000000-0000-0000-0000-000000000082', '60000000-0000-0000-0000-000000000004', 1, 65.0000, 0.1600, 'CANCELLED', NULL),
    ('a0000000-0000-0000-0000-000000000500', '90000000-0000-0000-0000-000000000082', '60000000-0000-0000-0000-000000000005', 2, 75.0000, 0.1600, 'CANCELLED', NULL),
    ('a0000000-0000-0000-0000-000000000501', '90000000-0000-0000-0000-000000000082', '60000000-0000-0000-0000-000000000005', 3, 75.0000, 0.1600, 'CANCELLED', NULL),
    ('a0000000-0000-0000-0000-000000000502', '90000000-0000-0000-0000-000000000082', '60000000-0000-0000-0000-000000000004', 3, 65.0000, 0.1600, 'CANCELLED', NULL),
    ('a0000000-0000-0000-0000-000000000503', '90000000-0000-0000-0000-000000000082', '60000000-0000-0000-0000-000000000006', 3, 85.0000, 0.1600, 'CANCELLED', NULL),
    ('a0000000-0000-0000-0000-000000000504', '90000000-0000-0000-0000-000000000082', '60000000-0000-0000-0000-000000000002', 1, 28.0000, 0.1600, 'CANCELLED', NULL),
    ('a0000000-0000-0000-0000-000000000505', '90000000-0000-0000-0000-000000000082', '60000000-0000-0000-0000-000000000001', 2, 35.0000, 0.0000, 'CANCELLED', NULL),
    ('a0000000-0000-0000-0000-000000000506', '90000000-0000-0000-0000-000000000082', '60000000-0000-0000-0000-000000000004', 4, 65.0000, 0.1600, 'CANCELLED', NULL),
    ('a0000000-0000-0000-0000-000000000507', '90000000-0000-0000-0000-000000000083', '60000000-0000-0000-0000-000000000002', 1, 28.0000, 0.1600, 'DELIVERED', NULL),
    ('a0000000-0000-0000-0000-000000000508', '90000000-0000-0000-0000-000000000083', '60000000-0000-0000-0000-000000000004', 2, 65.0000, 0.1600, 'DELIVERED', NULL),
    ('a0000000-0000-0000-0000-000000000509', '90000000-0000-0000-0000-000000000083', '60000000-0000-0000-0000-000000000006', 4, 85.0000, 0.1600, 'DELIVERED', NULL),
    ('a0000000-0000-0000-0000-000000000510', '90000000-0000-0000-0000-000000000083', '60000000-0000-0000-0000-000000000007', 3, 120.0000, 0.1600, 'DELIVERED', NULL),
    ('a0000000-0000-0000-0000-000000000511', '90000000-0000-0000-0000-000000000083', '60000000-0000-0000-0000-000000000006', 3, 85.0000, 0.1600, 'DELIVERED', NULL),
    ('a0000000-0000-0000-0000-000000000512', '90000000-0000-0000-0000-000000000083', '60000000-0000-0000-0000-000000000005', 3, 75.0000, 0.1600, 'DELIVERED', NULL),
    ('a0000000-0000-0000-0000-000000000513', '90000000-0000-0000-0000-000000000083', '60000000-0000-0000-0000-000000000007', 2, 120.0000, 0.1600, 'DELIVERED', NULL),
    ('a0000000-0000-0000-0000-000000000514', '90000000-0000-0000-0000-000000000083', '60000000-0000-0000-0000-000000000006', 2, 85.0000, 0.1600, 'DELIVERED', NULL),
    ('a0000000-0000-0000-0000-000000000515', '90000000-0000-0000-0000-000000000083', '60000000-0000-0000-0000-000000000005', 2, 75.0000, 0.1600, 'DELIVERED', NULL),
    ('a0000000-0000-0000-0000-000000000516', '90000000-0000-0000-0000-000000000084', '60000000-0000-0000-0000-000000000002', 1, 28.0000, 0.1600, 'DELIVERED', NULL),
    ('a0000000-0000-0000-0000-000000000517', '90000000-0000-0000-0000-000000000084', '60000000-0000-0000-0000-000000000006', 4, 85.0000, 0.1600, 'DELIVERED', NULL),
    ('a0000000-0000-0000-0000-000000000518', '90000000-0000-0000-0000-000000000084', '60000000-0000-0000-0000-000000000007', 4, 120.0000, 0.1600, 'DELIVERED', NULL),
    ('a0000000-0000-0000-0000-000000000519', '90000000-0000-0000-0000-000000000084', '60000000-0000-0000-0000-000000000007', 1, 120.0000, 0.1600, 'DELIVERED', NULL),
    ('a0000000-0000-0000-0000-000000000520', '90000000-0000-0000-0000-000000000084', '60000000-0000-0000-0000-000000000002', 3, 28.0000, 0.1600, 'DELIVERED', NULL),
    ('a0000000-0000-0000-0000-000000000521', '90000000-0000-0000-0000-000000000084', '60000000-0000-0000-0000-000000000004', 4, 65.0000, 0.1600, 'DELIVERED', NULL),
    ('a0000000-0000-0000-0000-000000000522', '90000000-0000-0000-0000-000000000084', '60000000-0000-0000-0000-000000000006', 3, 85.0000, 0.1600, 'DELIVERED', NULL),
    ('a0000000-0000-0000-0000-000000000523', '90000000-0000-0000-0000-000000000084', '60000000-0000-0000-0000-000000000007', 2, 120.0000, 0.1600, 'DELIVERED', NULL),
    ('a0000000-0000-0000-0000-000000000524', '90000000-0000-0000-0000-000000000084', '60000000-0000-0000-0000-000000000004', 1, 65.0000, 0.1600, 'DELIVERED', NULL),
    ('a0000000-0000-0000-0000-000000000525', '90000000-0000-0000-0000-000000000084', '60000000-0000-0000-0000-000000000007', 1, 120.0000, 0.1600, 'DELIVERED', NULL),
    ('a0000000-0000-0000-0000-000000000526', '90000000-0000-0000-0000-000000000085', '60000000-0000-0000-0000-000000000003', 1, 22.0000, 0.0000, 'DELIVERED', NULL),
    ('a0000000-0000-0000-0000-000000000527', '90000000-0000-0000-0000-000000000085', '60000000-0000-0000-0000-000000000003', 2, 22.0000, 0.0000, 'DELIVERED', NULL),
    ('a0000000-0000-0000-0000-000000000528', '90000000-0000-0000-0000-000000000085', '60000000-0000-0000-0000-000000000006', 3, 85.0000, 0.1600, 'DELIVERED', NULL),
    ('a0000000-0000-0000-0000-000000000529', '90000000-0000-0000-0000-000000000085', '60000000-0000-0000-0000-000000000005', 1, 75.0000, 0.1600, 'DELIVERED', NULL),
    ('a0000000-0000-0000-0000-000000000530', '90000000-0000-0000-0000-000000000085', '60000000-0000-0000-0000-000000000002', 2, 28.0000, 0.1600, 'DELIVERED', NULL),
    ('a0000000-0000-0000-0000-000000000531', '90000000-0000-0000-0000-000000000085', '60000000-0000-0000-0000-000000000007', 1, 120.0000, 0.1600, 'DELIVERED', NULL),
    ('a0000000-0000-0000-0000-000000000532', '90000000-0000-0000-0000-000000000085', '60000000-0000-0000-0000-000000000007', 1, 120.0000, 0.1600, 'DELIVERED', NULL),
    ('a0000000-0000-0000-0000-000000000533', '90000000-0000-0000-0000-000000000085', '60000000-0000-0000-0000-000000000001', 1, 35.0000, 0.0000, 'DELIVERED', NULL),
    ('a0000000-0000-0000-0000-000000000534', '90000000-0000-0000-0000-000000000085', '60000000-0000-0000-0000-000000000006', 3, 85.0000, 0.1600, 'DELIVERED', NULL),
    ('a0000000-0000-0000-0000-000000000535', '90000000-0000-0000-0000-000000000085', '60000000-0000-0000-0000-000000000007', 4, 120.0000, 0.1600, 'DELIVERED', NULL),
    ('a0000000-0000-0000-0000-000000000536', '90000000-0000-0000-0000-000000000086', '60000000-0000-0000-0000-000000000003', 4, 22.0000, 0.0000, 'DELIVERED', NULL),
    ('a0000000-0000-0000-0000-000000000537', '90000000-0000-0000-0000-000000000086', '60000000-0000-0000-0000-000000000001', 1, 35.0000, 0.0000, 'DELIVERED', NULL),
    ('a0000000-0000-0000-0000-000000000538', '90000000-0000-0000-0000-000000000086', '60000000-0000-0000-0000-000000000002', 4, 28.0000, 0.1600, 'DELIVERED', NULL),
    ('a0000000-0000-0000-0000-000000000539', '90000000-0000-0000-0000-000000000086', '60000000-0000-0000-0000-000000000004', 2, 65.0000, 0.1600, 'DELIVERED', NULL),
    ('a0000000-0000-0000-0000-000000000540', '90000000-0000-0000-0000-000000000086', '60000000-0000-0000-0000-000000000003', 2, 22.0000, 0.0000, 'DELIVERED', NULL),
    ('a0000000-0000-0000-0000-000000000541', '90000000-0000-0000-0000-000000000086', '60000000-0000-0000-0000-000000000003', 3, 22.0000, 0.0000, 'DELIVERED', NULL),
    ('a0000000-0000-0000-0000-000000000542', '90000000-0000-0000-0000-000000000086', '60000000-0000-0000-0000-000000000006', 3, 85.0000, 0.1600, 'DELIVERED', NULL),
    ('a0000000-0000-0000-0000-000000000543', '90000000-0000-0000-0000-000000000086', '60000000-0000-0000-0000-000000000002', 3, 28.0000, 0.1600, 'DELIVERED', NULL),
    ('a0000000-0000-0000-0000-000000000544', '90000000-0000-0000-0000-000000000087', '60000000-0000-0000-0000-000000000001', 3, 35.0000, 0.0000, 'DELIVERED', NULL),
    ('a0000000-0000-0000-0000-000000000545', '90000000-0000-0000-0000-000000000087', '60000000-0000-0000-0000-000000000004', 4, 65.0000, 0.1600, 'DELIVERED', NULL),
    ('a0000000-0000-0000-0000-000000000546', '90000000-0000-0000-0000-000000000087', '60000000-0000-0000-0000-000000000002', 2, 28.0000, 0.1600, 'DELIVERED', NULL),
    ('a0000000-0000-0000-0000-000000000547', '90000000-0000-0000-0000-000000000088', '60000000-0000-0000-0000-000000000004', 1, 65.0000, 0.1600, 'DELIVERED', NULL),
    ('a0000000-0000-0000-0000-000000000548', '90000000-0000-0000-0000-000000000088', '60000000-0000-0000-0000-000000000001', 4, 35.0000, 0.0000, 'DELIVERED', NULL),
    ('a0000000-0000-0000-0000-000000000549', '90000000-0000-0000-0000-000000000088', '60000000-0000-0000-0000-000000000005', 4, 75.0000, 0.1600, 'DELIVERED', NULL),
    ('a0000000-0000-0000-0000-000000000550', '90000000-0000-0000-0000-000000000088', '60000000-0000-0000-0000-000000000002', 3, 28.0000, 0.1600, 'DELIVERED', NULL),
    ('a0000000-0000-0000-0000-000000000551', '90000000-0000-0000-0000-000000000088', '60000000-0000-0000-0000-000000000004', 4, 65.0000, 0.1600, 'DELIVERED', NULL),
    ('a0000000-0000-0000-0000-000000000552', '90000000-0000-0000-0000-000000000088', '60000000-0000-0000-0000-000000000003', 1, 22.0000, 0.0000, 'DELIVERED', NULL),
    ('a0000000-0000-0000-0000-000000000553', '90000000-0000-0000-0000-000000000089', '60000000-0000-0000-0000-000000000001', 2, 35.0000, 0.0000, 'DELIVERED', NULL),
    ('a0000000-0000-0000-0000-000000000554', '90000000-0000-0000-0000-000000000089', '60000000-0000-0000-0000-000000000003', 3, 22.0000, 0.0000, 'DELIVERED', NULL),
    ('a0000000-0000-0000-0000-000000000555', '90000000-0000-0000-0000-000000000089', '60000000-0000-0000-0000-000000000001', 4, 35.0000, 0.0000, 'DELIVERED', NULL),
    ('a0000000-0000-0000-0000-000000000556', '90000000-0000-0000-0000-000000000089', '60000000-0000-0000-0000-000000000005', 4, 75.0000, 0.1600, 'DELIVERED', NULL),
    ('a0000000-0000-0000-0000-000000000557', '90000000-0000-0000-0000-000000000089', '60000000-0000-0000-0000-000000000003', 1, 22.0000, 0.0000, 'DELIVERED', NULL),
    ('a0000000-0000-0000-0000-000000000558', '90000000-0000-0000-0000-000000000089', '60000000-0000-0000-0000-000000000002', 1, 28.0000, 0.1600, 'DELIVERED', NULL),
    ('a0000000-0000-0000-0000-000000000559', '90000000-0000-0000-0000-000000000089', '60000000-0000-0000-0000-000000000007', 3, 120.0000, 0.1600, 'DELIVERED', NULL),
    ('a0000000-0000-0000-0000-000000000560', '90000000-0000-0000-0000-000000000089', '60000000-0000-0000-0000-000000000005', 3, 75.0000, 0.1600, 'DELIVERED', NULL),
    ('a0000000-0000-0000-0000-000000000561', '90000000-0000-0000-0000-000000000090', '60000000-0000-0000-0000-000000000006', 3, 85.0000, 0.1600, 'CANCELLED', NULL),
    ('a0000000-0000-0000-0000-000000000562', '90000000-0000-0000-0000-000000000090', '60000000-0000-0000-0000-000000000007', 4, 120.0000, 0.1600, 'CANCELLED', NULL),
    ('a0000000-0000-0000-0000-000000000563', '90000000-0000-0000-0000-000000000090', '60000000-0000-0000-0000-000000000005', 4, 75.0000, 0.1600, 'CANCELLED', NULL),
    ('a0000000-0000-0000-0000-000000000564', '90000000-0000-0000-0000-000000000090', '60000000-0000-0000-0000-000000000002', 2, 28.0000, 0.1600, 'CANCELLED', NULL),
    ('a0000000-0000-0000-0000-000000000565', '90000000-0000-0000-0000-000000000091', '60000000-0000-0000-0000-000000000005', 3, 75.0000, 0.1600, 'DELIVERED', NULL),
    ('a0000000-0000-0000-0000-000000000566', '90000000-0000-0000-0000-000000000091', '60000000-0000-0000-0000-000000000005', 4, 75.0000, 0.1600, 'DELIVERED', NULL),
    ('a0000000-0000-0000-0000-000000000567', '90000000-0000-0000-0000-000000000091', '60000000-0000-0000-0000-000000000003', 4, 22.0000, 0.0000, 'DELIVERED', NULL),
    ('a0000000-0000-0000-0000-000000000568', '90000000-0000-0000-0000-000000000091', '60000000-0000-0000-0000-000000000007', 1, 120.0000, 0.1600, 'DELIVERED', NULL),
    ('a0000000-0000-0000-0000-000000000569', '90000000-0000-0000-0000-000000000091', '60000000-0000-0000-0000-000000000003', 3, 22.0000, 0.0000, 'DELIVERED', NULL),
    ('a0000000-0000-0000-0000-000000000570', '90000000-0000-0000-0000-000000000091', '60000000-0000-0000-0000-000000000006', 1, 85.0000, 0.1600, 'DELIVERED', NULL),
    ('a0000000-0000-0000-0000-000000000571', '90000000-0000-0000-0000-000000000092', '60000000-0000-0000-0000-000000000006', 1, 85.0000, 0.1600, 'DELIVERED', NULL),
    ('a0000000-0000-0000-0000-000000000572', '90000000-0000-0000-0000-000000000092', '60000000-0000-0000-0000-000000000002', 4, 28.0000, 0.1600, 'DELIVERED', NULL),
    ('a0000000-0000-0000-0000-000000000573', '90000000-0000-0000-0000-000000000092', '60000000-0000-0000-0000-000000000001', 1, 35.0000, 0.0000, 'DELIVERED', NULL),
    ('a0000000-0000-0000-0000-000000000574', '90000000-0000-0000-0000-000000000092', '60000000-0000-0000-0000-000000000002', 1, 28.0000, 0.1600, 'DELIVERED', NULL),
    ('a0000000-0000-0000-0000-000000000575', '90000000-0000-0000-0000-000000000092', '60000000-0000-0000-0000-000000000004', 2, 65.0000, 0.1600, 'DELIVERED', NULL),
    ('a0000000-0000-0000-0000-000000000576', '90000000-0000-0000-0000-000000000093', '60000000-0000-0000-0000-000000000006', 2, 85.0000, 0.1600, 'DELIVERED', NULL),
    ('a0000000-0000-0000-0000-000000000577', '90000000-0000-0000-0000-000000000093', '60000000-0000-0000-0000-000000000005', 3, 75.0000, 0.1600, 'DELIVERED', NULL),
    ('a0000000-0000-0000-0000-000000000578', '90000000-0000-0000-0000-000000000094', '60000000-0000-0000-0000-000000000003', 3, 22.0000, 0.0000, 'DELIVERED', NULL),
    ('a0000000-0000-0000-0000-000000000579', '90000000-0000-0000-0000-000000000094', '60000000-0000-0000-0000-000000000005', 4, 75.0000, 0.1600, 'DELIVERED', NULL),
    ('a0000000-0000-0000-0000-000000000580', '90000000-0000-0000-0000-000000000094', '60000000-0000-0000-0000-000000000003', 3, 22.0000, 0.0000, 'DELIVERED', NULL),
    ('a0000000-0000-0000-0000-000000000581', '90000000-0000-0000-0000-000000000094', '60000000-0000-0000-0000-000000000002', 3, 28.0000, 0.1600, 'DELIVERED', NULL),
    ('a0000000-0000-0000-0000-000000000582', '90000000-0000-0000-0000-000000000094', '60000000-0000-0000-0000-000000000006', 2, 85.0000, 0.1600, 'DELIVERED', NULL),
    ('a0000000-0000-0000-0000-000000000583', '90000000-0000-0000-0000-000000000094', '60000000-0000-0000-0000-000000000004', 3, 65.0000, 0.1600, 'DELIVERED', NULL),
    ('a0000000-0000-0000-0000-000000000584', '90000000-0000-0000-0000-000000000094', '60000000-0000-0000-0000-000000000004', 3, 65.0000, 0.1600, 'DELIVERED', NULL),
    ('a0000000-0000-0000-0000-000000000585', '90000000-0000-0000-0000-000000000094', '60000000-0000-0000-0000-000000000005', 3, 75.0000, 0.1600, 'DELIVERED', NULL),
    ('a0000000-0000-0000-0000-000000000586', '90000000-0000-0000-0000-000000000094', '60000000-0000-0000-0000-000000000004', 3, 65.0000, 0.1600, 'DELIVERED', NULL),
    ('a0000000-0000-0000-0000-000000000587', '90000000-0000-0000-0000-000000000094', '60000000-0000-0000-0000-000000000007', 2, 120.0000, 0.1600, 'DELIVERED', NULL),
    ('a0000000-0000-0000-0000-000000000588', '90000000-0000-0000-0000-000000000095', '60000000-0000-0000-0000-000000000006', 4, 85.0000, 0.1600, 'CANCELLED', NULL),
    ('a0000000-0000-0000-0000-000000000589', '90000000-0000-0000-0000-000000000095', '60000000-0000-0000-0000-000000000002', 2, 28.0000, 0.1600, 'CANCELLED', NULL),
    ('a0000000-0000-0000-0000-000000000590', '90000000-0000-0000-0000-000000000095', '60000000-0000-0000-0000-000000000007', 3, 120.0000, 0.1600, 'CANCELLED', NULL),
    ('a0000000-0000-0000-0000-000000000591', '90000000-0000-0000-0000-000000000095', '60000000-0000-0000-0000-000000000005', 3, 75.0000, 0.1600, 'CANCELLED', NULL),
    ('a0000000-0000-0000-0000-000000000592', '90000000-0000-0000-0000-000000000095', '60000000-0000-0000-0000-000000000002', 1, 28.0000, 0.1600, 'CANCELLED', NULL),
    ('a0000000-0000-0000-0000-000000000593', '90000000-0000-0000-0000-000000000095', '60000000-0000-0000-0000-000000000005', 2, 75.0000, 0.1600, 'CANCELLED', NULL),
    ('a0000000-0000-0000-0000-000000000594', '90000000-0000-0000-0000-000000000096', '60000000-0000-0000-0000-000000000001', 2, 35.0000, 0.0000, 'DELIVERED', NULL),
    ('a0000000-0000-0000-0000-000000000595', '90000000-0000-0000-0000-000000000096', '60000000-0000-0000-0000-000000000001', 2, 35.0000, 0.0000, 'DELIVERED', NULL),
    ('a0000000-0000-0000-0000-000000000596', '90000000-0000-0000-0000-000000000096', '60000000-0000-0000-0000-000000000004', 4, 65.0000, 0.1600, 'DELIVERED', NULL),
    ('a0000000-0000-0000-0000-000000000597', '90000000-0000-0000-0000-000000000096', '60000000-0000-0000-0000-000000000004', 2, 65.0000, 0.1600, 'DELIVERED', NULL),
    ('a0000000-0000-0000-0000-000000000598', '90000000-0000-0000-0000-000000000096', '60000000-0000-0000-0000-000000000007', 3, 120.0000, 0.1600, 'DELIVERED', NULL),
    ('a0000000-0000-0000-0000-000000000599', '90000000-0000-0000-0000-000000000096', '60000000-0000-0000-0000-000000000003', 3, 22.0000, 0.0000, 'DELIVERED', NULL),
    ('a0000000-0000-0000-0000-000000000600', '90000000-0000-0000-0000-000000000096', '60000000-0000-0000-0000-000000000006', 1, 85.0000, 0.1600, 'DELIVERED', NULL),
    ('a0000000-0000-0000-0000-000000000601', '90000000-0000-0000-0000-000000000096', '60000000-0000-0000-0000-000000000001', 2, 35.0000, 0.0000, 'DELIVERED', NULL),
    ('a0000000-0000-0000-0000-000000000602', '90000000-0000-0000-0000-000000000096', '60000000-0000-0000-0000-000000000005', 1, 75.0000, 0.1600, 'DELIVERED', NULL),
    ('a0000000-0000-0000-0000-000000000603', '90000000-0000-0000-0000-000000000097', '60000000-0000-0000-0000-000000000006', 3, 85.0000, 0.1600, 'DELIVERED', NULL),
    ('a0000000-0000-0000-0000-000000000604', '90000000-0000-0000-0000-000000000097', '60000000-0000-0000-0000-000000000001', 3, 35.0000, 0.0000, 'DELIVERED', NULL),
    ('a0000000-0000-0000-0000-000000000605', '90000000-0000-0000-0000-000000000097', '60000000-0000-0000-0000-000000000005', 1, 75.0000, 0.1600, 'DELIVERED', NULL),
    ('a0000000-0000-0000-0000-000000000606', '90000000-0000-0000-0000-000000000097', '60000000-0000-0000-0000-000000000003', 3, 22.0000, 0.0000, 'DELIVERED', NULL),
    ('a0000000-0000-0000-0000-000000000607', '90000000-0000-0000-0000-000000000098', '60000000-0000-0000-0000-000000000003', 2, 22.0000, 0.0000, 'DELIVERED', NULL),
    ('a0000000-0000-0000-0000-000000000608', '90000000-0000-0000-0000-000000000098', '60000000-0000-0000-0000-000000000006', 4, 85.0000, 0.1600, 'DELIVERED', NULL),
    ('a0000000-0000-0000-0000-000000000609', '90000000-0000-0000-0000-000000000098', '60000000-0000-0000-0000-000000000006', 2, 85.0000, 0.1600, 'DELIVERED', NULL),
    ('a0000000-0000-0000-0000-000000000610', '90000000-0000-0000-0000-000000000099', '60000000-0000-0000-0000-000000000005', 3, 75.0000, 0.1600, 'DELIVERED', NULL),
    ('a0000000-0000-0000-0000-000000000611', '90000000-0000-0000-0000-000000000099', '60000000-0000-0000-0000-000000000002', 2, 28.0000, 0.1600, 'DELIVERED', NULL),
    ('a0000000-0000-0000-0000-000000000612', '90000000-0000-0000-0000-000000000099', '60000000-0000-0000-0000-000000000002', 1, 28.0000, 0.1600, 'DELIVERED', NULL),
    ('a0000000-0000-0000-0000-000000000613', '90000000-0000-0000-0000-000000000099', '60000000-0000-0000-0000-000000000004', 3, 65.0000, 0.1600, 'DELIVERED', NULL),
    ('a0000000-0000-0000-0000-000000000614', '90000000-0000-0000-0000-000000000099', '60000000-0000-0000-0000-000000000003', 3, 22.0000, 0.0000, 'DELIVERED', NULL),
    ('a0000000-0000-0000-0000-000000000615', '90000000-0000-0000-0000-000000000099', '60000000-0000-0000-0000-000000000005', 1, 75.0000, 0.1600, 'DELIVERED', NULL),
    ('a0000000-0000-0000-0000-000000000616', '90000000-0000-0000-0000-000000000099', '60000000-0000-0000-0000-000000000006', 2, 85.0000, 0.1600, 'DELIVERED', NULL),
    ('a0000000-0000-0000-0000-000000000617', '90000000-0000-0000-0000-000000000099', '60000000-0000-0000-0000-000000000004', 3, 65.0000, 0.1600, 'DELIVERED', NULL),
    ('a0000000-0000-0000-0000-000000000618', '90000000-0000-0000-0000-000000000100', '60000000-0000-0000-0000-000000000002', 2, 28.0000, 0.1600, 'DELIVERED', NULL),
    ('a0000000-0000-0000-0000-000000000619', '90000000-0000-0000-0000-000000000100', '60000000-0000-0000-0000-000000000004', 3, 65.0000, 0.1600, 'DELIVERED', NULL),
    ('a0000000-0000-0000-0000-000000000620', '90000000-0000-0000-0000-000000000100', '60000000-0000-0000-0000-000000000004', 4, 65.0000, 0.1600, 'DELIVERED', NULL),
    ('a0000000-0000-0000-0000-000000000621', '90000000-0000-0000-0000-000000000100', '60000000-0000-0000-0000-000000000007', 2, 120.0000, 0.1600, 'DELIVERED', NULL),
    ('a0000000-0000-0000-0000-000000000622', '90000000-0000-0000-0000-000000000100', '60000000-0000-0000-0000-000000000007', 2, 120.0000, 0.1600, 'DELIVERED', NULL),
    ('a0000000-0000-0000-0000-000000000623', '90000000-0000-0000-0000-000000000101', '60000000-0000-0000-0000-000000000007', 2, 120.0000, 0.1600, 'DELIVERED', NULL),
    ('a0000000-0000-0000-0000-000000000624', '90000000-0000-0000-0000-000000000101', '60000000-0000-0000-0000-000000000005', 2, 75.0000, 0.1600, 'DELIVERED', NULL),
    ('a0000000-0000-0000-0000-000000000625', '90000000-0000-0000-0000-000000000102', '60000000-0000-0000-0000-000000000004', 2, 65.0000, 0.1600, 'DELIVERED', NULL),
    ('a0000000-0000-0000-0000-000000000626', '90000000-0000-0000-0000-000000000102', '60000000-0000-0000-0000-000000000005', 4, 75.0000, 0.1600, 'DELIVERED', NULL),
    ('a0000000-0000-0000-0000-000000000627', '90000000-0000-0000-0000-000000000103', '60000000-0000-0000-0000-000000000007', 1, 120.0000, 0.1600, 'DELIVERED', NULL),
    ('a0000000-0000-0000-0000-000000000628', '90000000-0000-0000-0000-000000000103', '60000000-0000-0000-0000-000000000006', 2, 85.0000, 0.1600, 'DELIVERED', NULL),
    ('a0000000-0000-0000-0000-000000000629', '90000000-0000-0000-0000-000000000103', '60000000-0000-0000-0000-000000000001', 4, 35.0000, 0.0000, 'DELIVERED', NULL),
    ('a0000000-0000-0000-0000-000000000630', '90000000-0000-0000-0000-000000000103', '60000000-0000-0000-0000-000000000003', 1, 22.0000, 0.0000, 'DELIVERED', NULL),
    ('a0000000-0000-0000-0000-000000000631', '90000000-0000-0000-0000-000000000103', '60000000-0000-0000-0000-000000000005', 1, 75.0000, 0.1600, 'DELIVERED', NULL),
    ('a0000000-0000-0000-0000-000000000632', '90000000-0000-0000-0000-000000000103', '60000000-0000-0000-0000-000000000001', 4, 35.0000, 0.0000, 'DELIVERED', NULL);

INSERT INTO order_item_modifier (id, order_item_id, modifier_id, applied_extra_price)
VALUES
    ('b0000000-0000-0000-0000-000000000004', 'a0000000-0000-0000-0000-000000000011', '70000000-0000-0000-0000-000000000002', 8.0000),
    ('b0000000-0000-0000-0000-000000000005', 'a0000000-0000-0000-0000-000000000043', '70000000-0000-0000-0000-000000000004', 10.0000),
    ('b0000000-0000-0000-0000-000000000006', 'a0000000-0000-0000-0000-000000000049', '70000000-0000-0000-0000-000000000004', 10.0000),
    ('b0000000-0000-0000-0000-000000000007', 'a0000000-0000-0000-0000-000000000061', '70000000-0000-0000-0000-000000000001', 0.0000),
    ('b0000000-0000-0000-0000-000000000008', 'a0000000-0000-0000-0000-000000000062', '70000000-0000-0000-0000-000000000002', 8.0000),
    ('b0000000-0000-0000-0000-000000000009', 'a0000000-0000-0000-0000-000000000064', '70000000-0000-0000-0000-000000000004', 10.0000),
    ('b0000000-0000-0000-0000-000000000010', 'a0000000-0000-0000-0000-000000000067', '70000000-0000-0000-0000-000000000003', 12.0000),
    ('b0000000-0000-0000-0000-000000000011', 'a0000000-0000-0000-0000-000000000072', '70000000-0000-0000-0000-000000000004', 10.0000),
    ('b0000000-0000-0000-0000-000000000012', 'a0000000-0000-0000-0000-000000000088', '70000000-0000-0000-0000-000000000003', 12.0000),
    ('b0000000-0000-0000-0000-000000000013', 'a0000000-0000-0000-0000-000000000089', '70000000-0000-0000-0000-000000000003', 12.0000),
    ('b0000000-0000-0000-0000-000000000014', 'a0000000-0000-0000-0000-000000000092', '70000000-0000-0000-0000-000000000004', 10.0000),
    ('b0000000-0000-0000-0000-000000000015', 'a0000000-0000-0000-0000-000000000093', '70000000-0000-0000-0000-000000000001', 0.0000),
    ('b0000000-0000-0000-0000-000000000016', 'a0000000-0000-0000-0000-000000000094', '70000000-0000-0000-0000-000000000002', 8.0000),
    ('b0000000-0000-0000-0000-000000000017', 'a0000000-0000-0000-0000-000000000095', '70000000-0000-0000-0000-000000000003', 12.0000),
    ('b0000000-0000-0000-0000-000000000018', 'a0000000-0000-0000-0000-000000000122', '70000000-0000-0000-0000-000000000001', 0.0000),
    ('b0000000-0000-0000-0000-000000000019', 'a0000000-0000-0000-0000-000000000137', '70000000-0000-0000-0000-000000000004', 10.0000),
    ('b0000000-0000-0000-0000-000000000020', 'a0000000-0000-0000-0000-000000000141', '70000000-0000-0000-0000-000000000004', 10.0000),
    ('b0000000-0000-0000-0000-000000000021', 'a0000000-0000-0000-0000-000000000150', '70000000-0000-0000-0000-000000000001', 0.0000),
    ('b0000000-0000-0000-0000-000000000022', 'a0000000-0000-0000-0000-000000000151', '70000000-0000-0000-0000-000000000002', 8.0000),
    ('b0000000-0000-0000-0000-000000000023', 'a0000000-0000-0000-0000-000000000153', '70000000-0000-0000-0000-000000000004', 10.0000),
    ('b0000000-0000-0000-0000-000000000024', 'a0000000-0000-0000-0000-000000000154', '70000000-0000-0000-0000-000000000002', 8.0000),
    ('b0000000-0000-0000-0000-000000000025', 'a0000000-0000-0000-0000-000000000165', '70000000-0000-0000-0000-000000000003', 12.0000),
    ('b0000000-0000-0000-0000-000000000026', 'a0000000-0000-0000-0000-000000000166', '70000000-0000-0000-0000-000000000004', 10.0000),
    ('b0000000-0000-0000-0000-000000000027', 'a0000000-0000-0000-0000-000000000177', '70000000-0000-0000-0000-000000000004', 10.0000),
    ('b0000000-0000-0000-0000-000000000028', 'a0000000-0000-0000-0000-000000000182', '70000000-0000-0000-0000-000000000002', 8.0000),
    ('b0000000-0000-0000-0000-000000000029', 'a0000000-0000-0000-0000-000000000194', '70000000-0000-0000-0000-000000000004', 10.0000),
    ('b0000000-0000-0000-0000-000000000030', 'a0000000-0000-0000-0000-000000000211', '70000000-0000-0000-0000-000000000001', 0.0000),
    ('b0000000-0000-0000-0000-000000000031', 'a0000000-0000-0000-0000-000000000213', '70000000-0000-0000-0000-000000000004', 10.0000),
    ('b0000000-0000-0000-0000-000000000032', 'a0000000-0000-0000-0000-000000000216', '70000000-0000-0000-0000-000000000003', 12.0000),
    ('b0000000-0000-0000-0000-000000000033', 'a0000000-0000-0000-0000-000000000221', '70000000-0000-0000-0000-000000000004', 10.0000),
    ('b0000000-0000-0000-0000-000000000034', 'a0000000-0000-0000-0000-000000000222', '70000000-0000-0000-0000-000000000004', 10.0000),
    ('b0000000-0000-0000-0000-000000000035', 'a0000000-0000-0000-0000-000000000224', '70000000-0000-0000-0000-000000000001', 0.0000),
    ('b0000000-0000-0000-0000-000000000036', 'a0000000-0000-0000-0000-000000000226', '70000000-0000-0000-0000-000000000001', 0.0000),
    ('b0000000-0000-0000-0000-000000000037', 'a0000000-0000-0000-0000-000000000244', '70000000-0000-0000-0000-000000000002', 8.0000),
    ('b0000000-0000-0000-0000-000000000038', 'a0000000-0000-0000-0000-000000000268', '70000000-0000-0000-0000-000000000004', 10.0000),
    ('b0000000-0000-0000-0000-000000000039', 'a0000000-0000-0000-0000-000000000285', '70000000-0000-0000-0000-000000000003', 12.0000),
    ('b0000000-0000-0000-0000-000000000040', 'a0000000-0000-0000-0000-000000000300', '70000000-0000-0000-0000-000000000003', 12.0000),
    ('b0000000-0000-0000-0000-000000000041', 'a0000000-0000-0000-0000-000000000328', '70000000-0000-0000-0000-000000000003', 12.0000),
    ('b0000000-0000-0000-0000-000000000042', 'a0000000-0000-0000-0000-000000000340', '70000000-0000-0000-0000-000000000003', 12.0000),
    ('b0000000-0000-0000-0000-000000000043', 'a0000000-0000-0000-0000-000000000366', '70000000-0000-0000-0000-000000000003', 12.0000),
    ('b0000000-0000-0000-0000-000000000044', 'a0000000-0000-0000-0000-000000000369', '70000000-0000-0000-0000-000000000003', 12.0000),
    ('b0000000-0000-0000-0000-000000000045', 'a0000000-0000-0000-0000-000000000383', '70000000-0000-0000-0000-000000000003', 12.0000),
    ('b0000000-0000-0000-0000-000000000046', 'a0000000-0000-0000-0000-000000000384', '70000000-0000-0000-0000-000000000003', 12.0000),
    ('b0000000-0000-0000-0000-000000000047', 'a0000000-0000-0000-0000-000000000401', '70000000-0000-0000-0000-000000000001', 0.0000),
    ('b0000000-0000-0000-0000-000000000048', 'a0000000-0000-0000-0000-000000000405', '70000000-0000-0000-0000-000000000001', 0.0000),
    ('b0000000-0000-0000-0000-000000000049', 'a0000000-0000-0000-0000-000000000408', '70000000-0000-0000-0000-000000000002', 8.0000),
    ('b0000000-0000-0000-0000-000000000050', 'a0000000-0000-0000-0000-000000000410', '70000000-0000-0000-0000-000000000004', 10.0000),
    ('b0000000-0000-0000-0000-000000000051', 'a0000000-0000-0000-0000-000000000424', '70000000-0000-0000-0000-000000000004', 10.0000),
    ('b0000000-0000-0000-0000-000000000052', 'a0000000-0000-0000-0000-000000000433', '70000000-0000-0000-0000-000000000003', 12.0000),
    ('b0000000-0000-0000-0000-000000000053', 'a0000000-0000-0000-0000-000000000437', '70000000-0000-0000-0000-000000000004', 10.0000),
    ('b0000000-0000-0000-0000-000000000054', 'a0000000-0000-0000-0000-000000000440', '70000000-0000-0000-0000-000000000003', 12.0000),
    ('b0000000-0000-0000-0000-000000000055', 'a0000000-0000-0000-0000-000000000451', '70000000-0000-0000-0000-000000000003', 12.0000),
    ('b0000000-0000-0000-0000-000000000056', 'a0000000-0000-0000-0000-000000000456', '70000000-0000-0000-0000-000000000004', 10.0000),
    ('b0000000-0000-0000-0000-000000000057', 'a0000000-0000-0000-0000-000000000461', '70000000-0000-0000-0000-000000000004', 10.0000),
    ('b0000000-0000-0000-0000-000000000058', 'a0000000-0000-0000-0000-000000000468', '70000000-0000-0000-0000-000000000003', 12.0000),
    ('b0000000-0000-0000-0000-000000000059', 'a0000000-0000-0000-0000-000000000487', '70000000-0000-0000-0000-000000000001', 0.0000),
    ('b0000000-0000-0000-0000-000000000060', 'a0000000-0000-0000-0000-000000000491', '70000000-0000-0000-0000-000000000003', 12.0000),
    ('b0000000-0000-0000-0000-000000000061', 'a0000000-0000-0000-0000-000000000507', '70000000-0000-0000-0000-000000000004', 10.0000),
    ('b0000000-0000-0000-0000-000000000062', 'a0000000-0000-0000-0000-000000000515', '70000000-0000-0000-0000-000000000003', 12.0000),
    ('b0000000-0000-0000-0000-000000000063', 'a0000000-0000-0000-0000-000000000516', '70000000-0000-0000-0000-000000000004', 10.0000),
    ('b0000000-0000-0000-0000-000000000064', 'a0000000-0000-0000-0000-000000000522', '70000000-0000-0000-0000-000000000001', 0.0000),
    ('b0000000-0000-0000-0000-000000000065', 'a0000000-0000-0000-0000-000000000528', '70000000-0000-0000-0000-000000000002', 8.0000),
    ('b0000000-0000-0000-0000-000000000066', 'a0000000-0000-0000-0000-000000000530', '70000000-0000-0000-0000-000000000004', 10.0000),
    ('b0000000-0000-0000-0000-000000000067', 'a0000000-0000-0000-0000-000000000550', '70000000-0000-0000-0000-000000000004', 10.0000),
    ('b0000000-0000-0000-0000-000000000068', 'a0000000-0000-0000-0000-000000000572', '70000000-0000-0000-0000-000000000004', 10.0000),
    ('b0000000-0000-0000-0000-000000000069', 'a0000000-0000-0000-0000-000000000579', '70000000-0000-0000-0000-000000000003', 12.0000),
    ('b0000000-0000-0000-0000-000000000070', 'a0000000-0000-0000-0000-000000000585', '70000000-0000-0000-0000-000000000003', 12.0000),
    ('b0000000-0000-0000-0000-000000000071', 'a0000000-0000-0000-0000-000000000609', '70000000-0000-0000-0000-000000000002', 8.0000),
    ('b0000000-0000-0000-0000-000000000072', 'a0000000-0000-0000-0000-000000000610', '70000000-0000-0000-0000-000000000003', 12.0000),
    ('b0000000-0000-0000-0000-000000000073', 'a0000000-0000-0000-0000-000000000612', '70000000-0000-0000-0000-000000000004', 10.0000),
    ('b0000000-0000-0000-0000-000000000074', 'a0000000-0000-0000-0000-000000000615', '70000000-0000-0000-0000-000000000003', 12.0000),
    ('b0000000-0000-0000-0000-000000000075', 'a0000000-0000-0000-0000-000000000616', '70000000-0000-0000-0000-000000000001', 0.0000),
    ('b0000000-0000-0000-0000-000000000076', 'a0000000-0000-0000-0000-000000000624', '70000000-0000-0000-0000-000000000003', 12.0000);

